,MMSI,BaseDateTime,LAT,LON,SOG,COG
5369,316001251,2019-01-01T00:00:16,49.25976,-123.67184,18.7,78.1
11776,316001251,2019-01-01T00:01:22,49.26083,-123.6632,18.8,80.2
15693,316001251,2019-01-01T00:02:27,49.26195,-123.65461,18.8,78.2
23137,316001251,2019-01-01T00:03:40,49.26355,-123.64537,18.9,74.6
27834,316001251,2019-01-01T00:05:04,49.26551,-123.6344,18.8,73.3
35458,316001251,2019-01-01T00:06:09,49.26701,-123.626,18.9,75.3
41703,316001251,2019-01-01T00:07:16,49.26863,-123.61741,18.9,74.5
47768,316001251,2019-01-01T00:08:22,49.27013,-123.60886,18.9,73.7
49527,316001251,2019-01-01T00:09:23,49.27159,-123.60114,19.0,74.3
58199,316001251,2019-01-01T00:10:28,49.27321,-123.59279,19.0,73.2
60777,316001251,2019-01-01T00:11:34,49.27475,-123.58427,18.8,74.4
69462,316001251,2019-01-01T00:12:40,49.27641,-123.57568,18.9,74.8
75191,316001251,2019-01-01T00:13:46,49.2779,-123.56713,18.8,73.1
82651,316001251,2019-01-01T00:14:47,49.2793,-123.5594,18.9,76.3
85391,316001251,2019-01-01T00:15:57,49.28092,-123.55028,18.8,74.8
87772,316001251,2019-01-01T00:17:04,49.28238,-123.54176,18.8,74.3
92459,316001251,2019-01-01T00:18:10,49.28388,-123.53326,18.8,74.7
106739,316001251,2019-01-01T00:19:16,49.28545,-123.52484,18.7,74.3
110212,316001251,2019-01-01T00:20:22,49.28704,-123.51643,18.6,71.5
114118,316001251,2019-01-01T00:21:27,49.2887,-123.50803,18.9,74.7
114641,316001251,2019-01-01T00:22:35,49.29067,-123.49967,18.8,67.9
116672,316001251,2019-01-01T00:23:40,49.29265,-123.49152,18.9,70.2
127634,316001251,2019-01-01T00:24:46,49.29478,-123.48333,19.0,69.1
138975,316001251,2019-01-01T00:29:46,49.3075,-123.44862,18.9,52.9
147764,316001251,2019-01-01T00:27:42,49.30078,-123.46186,18.5,52.8
148237,316001251,2019-01-01T00:32:10,49.31498,-123.43307,19.0,62.1
153858,316001251,2019-01-01T00:33:44,49.31845,-123.4218,18.8,70.0
161746,316001251,2019-01-01T00:35:34,49.321,-123.40746,19.0,78.3
179280,316001251,2019-01-01T00:38:04,49.32362,-123.38773,18.9,78.4
195139,316001251,2019-01-01T00:43:20,49.33028,-123.34783,17.6,40.9
198118,316001251,2019-01-01T00:44:34,49.33581,-123.34303,18.9,30.6
200826,316001251,2019-01-01T00:42:10,49.32775,-123.35554,18.7,78.9
215082,316001251,2019-01-01T00:45:46,49.3412,-123.33797,18.9,30.9
220824,316001251,2019-01-01T00:46:47,49.34563,-123.33364,18.9,33.4
222181,316001251,2019-01-01T00:47:52,49.3505,-123.32894,18.9,32.8
233774,316001251,2019-01-01T00:48:58,49.35525,-123.32415,18.8,32.1
239198,316001251,2019-01-01T00:54:00,49.37723,-123.30164,19.2,41.6
247618,316001251,2019-01-01T00:57:06,49.38597,-123.28287,10.8,64.5
266975,316001251,2019-01-01T01:00:00,49.38156,-123.27102,13.6,165.6
269956,316001251,2019-01-01T00:58:08,49.38638,-123.27782,12.7,101.5
272579,316001251,2019-01-01T01:01:10,49.37854,-123.27033,7.1,181.8
279998,316001251,2019-01-01T00:59:12,49.38435,-123.27287,13.4,142.1
282906,316001251,2019-01-01T01:03:00,49.3766,-123.27083,1.4,197.3
318647,316001251,2019-01-01T01:09:00,49.37646,-123.2709,0.0,11.6
337156,316001251,2019-01-01T01:14:00,49.37647,-123.27089,0.0,128.8
355202,316001251,2019-01-01T01:15:21,49.37647,-123.27089,0.0,198.5
360867,316001251,2019-01-01T01:18:00,49.37647,-123.27089,0.0,280.3
372317,316001251,2019-01-01T01:19:21,49.37647,-123.27089,0.0,72.0
376830,316001251,2019-01-01T01:20:40,49.37647,-123.27089,0.0,165.2
384414,316001251,2019-01-01T01:21:59,49.37647,-123.27089,0.0,308.1
386742,316001251,2019-01-01T01:24:20,49.37647,-123.27088,0.0,165.1
403744,316001251,2019-01-01T01:26:40,49.37647,-123.27089,0.0,270.9
413488,316001251,2019-01-01T01:28:00,49.37647,-123.27089,0.0,227.3
418442,316001251,2019-01-01T01:29:06,49.37723,-123.27081,0.0,247.0
427852,316001251,2019-01-01T01:31:30,49.37759,-123.27064,4.5,10.6
433233,316001251,2019-01-01T01:35:02,49.3916,-123.27496,18.0,341.0
440978,316001251,2019-01-01T01:30:20,49.37723,-123.27081,0.0,127.7
440979,316001251,2019-01-01T01:37:02,49.40058,-123.27928,16.4,343.7
448713,316001251,2019-01-01T01:39:26,49.41099,-123.28387,16.1,344.2
465800,316001251,2019-01-01T01:41:44,49.42079,-123.28838,16.0,342.7
471558,316001251,2019-01-01T01:44:44,49.43218,-123.29736,15.8,293.9
477703,316001251,2019-01-01T01:46:06,49.43407,-123.30653,16.5,281.0
482914,316001251,2019-01-01T01:48:10,49.43308,-123.32072,16.5,250.4
488734,316001251,2019-01-01T01:49:50,49.43058,-123.33181,16.3,250.4
497042,316001251,2019-01-01T01:51:38,49.42791,-123.34356,16.2,251.5
506253,316001251,2019-01-01T01:53:44,49.42486,-123.35713,16.1,250.2
508109,316001251,2019-01-01T01:54:56,49.42418,-123.36526,16.1,269.4
527439,316001251,2019-01-01T01:59:26,49.42308,-123.39652,16.2,266.3
539197,316001251,2019-01-01T01:58:14,49.42349,-123.38822,16.2,266.3
541780,316001251,2019-01-01T02:00:02,49.42291,-123.40066,16.2,265.6
548058,316001251,2019-01-01T02:01:14,49.42251,-123.40884,16.2,266.5
556736,316001251,2019-01-01T02:02:44,49.42204,-123.41918,16.1,266.7
564553,316001251,2019-01-01T02:03:50,49.42182,-123.42686,16.1,267.8
568672,316001251,2019-01-01T02:05:08,49.42177,-123.43583,16.6,271.0
577567,316001251,2019-01-01T02:06:22,49.42254,-123.44468,17.6,296.1
585943,316001251,2019-01-01T02:08:50,49.43231,-123.4552,14.2,329.4
592217,316001251,2019-01-01T02:07:24,49.42612,-123.45001,17.9,331.3
594735,316001251,2019-01-01T02:10:02,49.43587,-123.45836,12.8,326.4
598988,316001251,2019-01-01T02:11:14,49.43771,-123.46369,11.9,270.8
610419,316001251,2019-01-01T02:14:06,49.43436,-123.47159,3.1,206.7
624264,316001251,2019-01-01T02:12:26,49.43652,-123.46868,8.4,234.6
627258,316001251,2019-01-01T02:17:06,49.43399,-123.47189,0.0,249.6
631592,316001251,2019-01-01T02:15:15,49.43402,-123.47186,0.6,209.4
640913,316001251,2019-01-01T02:18:16,49.43399,-123.47189,0.0,58.8
650751,316001251,2019-01-01T02:20:16,49.43398,-123.47189,0.0,84.4
652286,316001251,2019-01-01T02:22:36,49.43398,-123.47189,0.0,119.4
663023,316001251,2019-01-01T02:25:36,49.43398,-123.47189,0.0,196.7
674893,316001251,2019-01-01T02:26:46,49.43398,-123.47189,0.0,210.7
681407,316001251,2019-01-01T02:29:46,49.43398,-123.47189,0.0,33.3
699216,316001251,2019-01-01T02:31:06,49.43398,-123.47189,0.0,70.0
704172,316001251,2019-01-01T02:32:25,49.43398,-123.47189,0.0,269.8
709706,316001251,2019-01-01T02:33:37,49.43398,-123.47189,0.0,331.1
714952,316001251,2019-01-01T02:37:35,49.43398,-123.47189,0.0,357.6
720463,316001251,2019-01-01T02:39:35,49.43468,-123.47124,1.6,57.4
728347,316001251,2019-01-01T02:41:33,49.43693,-123.4651,13.3,95.0
731683,316001251,2019-01-01T02:42:54,49.43371,-123.45817,17.2,148.1
747588,316001251,2019-01-01T02:44:18,49.42759,-123.45249,18.4,139.3
753595,316001251,2019-01-01T02:46:02,49.4235,-123.44152,16.5,99.9
754156,316001251,2019-01-01T02:47:26,49.42324,-123.43175,15.9,90.4
769883,316001251,2019-01-01T02:51:44,49.42269,-123.40385,15.2,91.3
777350,316001251,2019-01-01T02:54:14,49.42227,-123.38748,15.4,92.3
789187,316001251,2019-01-01T02:57:14,49.42172,-123.36783,15.3,92.2
789719,316001251,2019-01-01T02:58:32,49.42248,-123.35964,15.1,77.2
806534,316001251,2019-01-01T02:59:44,49.42345,-123.35184,15.4,80.8
814819,316001251,2019-01-01T03:00:08,49.42374,-123.34936,15.3,78.8
827883,316001251,2019-01-01T03:02:56,49.42603,-123.33122,15.3,79.2
831499,316001251,2019-01-01T03:04:20,49.42696,-123.32219,15.2,79.5
832704,316001251,2019-01-01T03:01:14,49.4247,-123.3423,15.5,80.1
848687,316001251,2019-01-01T03:07:14,49.42689,-123.30357,15.8,114.8
855580,316001251,2019-01-01T03:08:25,49.42446,-123.29662,15.3,119.6
858816,316001251,2019-01-01T03:06:12,49.42801,-123.31026,15.3,92.6
863284,316001251,2019-01-01T03:09:30,49.42134,-123.2917,15.3,145.7
869564,316001251,2019-01-01T03:10:43,49.41699,-123.2871,15.5,145.0
888196,316001251,2019-01-01T03:15:16,49.39922,-123.2733,19.0,166.8
895541,316001251,2019-01-01T03:16:44,49.39172,-123.27151,15.5,176.0
901583,316001251,2019-01-01T03:17:50,49.38778,-123.27104,12.9,175.2
905726,316001251,2019-01-01T03:18:56,49.38357,-123.27053,14.2,175.3
909054,316001251,2019-01-01T03:12:37,49.41024,-123.28004,15.3,143.9
913645,316001251,2019-01-01T03:13:43,49.40608,-123.27704,15.1,162.3
917650,316001251,2019-01-01T03:20:14,49.37969,-123.27019,7.3,180.2
923681,316001251,2019-01-01T03:21:32,49.37763,-123.27051,3.5,191.7
931494,316001251,2019-01-01T03:22:56,49.37658,-123.27084,1.4,200.8
936040,316001251,2019-01-01T03:24:19,49.37645,-123.2709,0.0,320.0
941405,316001251,2019-01-01T03:25:20,49.37647,-123.27089,0.0,68.2
950631,316001251,2019-01-01T03:27:20,49.37647,-123.27089,0.0,218.7
957383,316001251,2019-01-01T03:28:41,49.37646,-123.27089,0.0,283.2
963981,316001251,2019-01-01T03:30:30,49.37647,-123.27089,0.0,72.5
979879,316001251,2019-01-01T03:31:41,49.37647,-123.27089,0.0,358.8
983477,316001251,2019-01-01T03:33:29,49.37647,-123.27089,0.0,239.1
989644,316001251,2019-01-01T03:35:01,49.37647,-123.27089,0.0,250.1
996882,316001251,2019-01-01T03:36:21,49.37647,-123.27089,0.0,312.4
1001842,316001251,2019-01-01T03:37:50,49.37647,-123.27089,0.0,307.7
1008364,316001251,2019-01-01T03:39:20,49.37647,-123.27089,0.0,247.7
1019538,316001251,2019-01-01T03:41:20,49.37647,-123.27089,0.0,249.0
1025471,316001251,2019-01-01T03:42:39,49.37647,-123.27089,0.0,317.5
1036420,316001251,2019-01-01T03:44:10,49.37647,-123.27089,0.0,37.9
1062338,316001251,2019-01-01T03:50:13,49.37723,-123.27081,0.0,160.8
1066668,316001251,2019-01-01T03:51:30,49.37723,-123.27081,0.0,127.1
1072343,316001251,2019-01-01T03:52:51,49.37804,-123.27057,6.6,11.2
1077000,316001251,2019-01-01T03:49:10,49.37646,-123.2709,0.0,69.7
1081404,316001251,2019-01-01T03:54:08,49.3823,-123.2702,15.8,354.2
1090911,316001251,2019-01-01T03:55:15,49.38745,-123.27223,18.1,341.3
1095765,316001251,2019-01-01T03:56:26,49.39301,-123.27519,17.0,340.5
1099995,316001251,2019-01-01T03:57:37,49.39814,-123.27808,16.2,340.4
1104950,316001251,2019-01-01T03:58:56,49.40366,-123.28122,16.0,339.2
1117748,316001251,2019-01-01T04:00:26,49.40985,-123.2848,15.8,339.1
1124634,316001251,2019-01-01T04:01:32,49.41437,-123.28739,15.9,338.2
1127518,316001251,2019-01-01T04:02:37,49.41886,-123.29001,15.8,338.2
1133325,316001251,2019-01-01T04:03:55,49.4235,-123.29506,15.7,315.6
1138935,316001251,2019-01-01T04:05:08,49.42632,-123.30215,16.2,297.8
1150339,316001251,2019-01-01T04:06:11,49.42722,-123.3089,16.0,264.0
1155068,316001251,2019-01-01T04:07:14,49.42643,-123.31625,16.5,263.0
1160766,316001251,2019-01-01T04:08:26,49.42563,-123.32461,16.5,260.9
1166862,316001251,2019-01-01T04:09:44,49.42478,-123.33354,16.2,260.8
1172798,316001251,2019-01-01T04:10:56,49.42403,-123.34171,16.1,262.0
1178784,316001251,2019-01-01T04:12:38,49.42296,-123.35328,16.2,261.4
1184677,316001251,2019-01-01T04:13:56,49.42216,-123.36215,16.1,262.1
1189556,316001251,2019-01-01T04:15:08,49.42165,-123.37031,15.9,269.7
1197974,316001251,2019-01-01T04:16:14,49.42153,-123.37786,16.1,268.1
1206738,316001251,2019-01-01T04:17:56,49.4213,-123.38952,16.1,267.6
1211107,316001251,2019-01-01T04:19:14,49.42108,-123.39843,16.0,267.2
1218923,316001251,2019-01-01T04:20:50,49.4208,-123.40938,16.1,267.6
1230842,316001251,2019-01-01T04:21:56,49.42067,-123.41691,16.1,268.1
1230901,316001251,2019-01-01T04:24:02,49.42137,-123.43108,16.0,276.2
1237358,316001251,2019-01-01T04:25:43,49.42234,-123.44278,17.0,284.5
1240824,316001251,2019-01-01T04:26:52,49.42547,-123.44957,17.9,322.6
1251897,316001251,2019-01-01T04:28:20,49.43165,-123.45542,13.9,328.9
1263244,316001251,2019-01-01T04:30:24,49.43722,-123.46171,11.3,293.0
1273156,316001251,2019-01-01T04:33:15,49.43501,-123.47098,4.9,219.0
1275516,316001251,2019-01-01T04:34:16,49.43415,-123.47176,1.1,201.2
1275601,316001251,2019-01-01T04:31:36,49.43688,-123.46703,9.0,244.3
1283734,316001251,2019-01-01T04:36:36,49.43398,-123.47189,0.0,187.4
1287929,316001251,2019-01-01T04:38:06,49.43398,-123.47189,0.0,241.1
1307435,316001251,2019-01-01T04:42:26,49.43398,-123.47189,0.0,19.6
1329814,316001251,2019-01-01T04:44:26,49.43398,-123.47189,0.0,126.8
1332303,316001251,2019-01-01T04:48:45,49.43398,-123.47189,0.0,196.6
1341779,316001251,2019-01-01T04:51:25,49.43398,-123.47189,0.0,120.0
1349409,316001251,2019-01-01T04:53:14,49.43475,-123.47175,0.0,280.4
1360478,316001251,2019-01-01T04:56:39,49.43733,-123.46734,12.1,74.6
1375974,316001251,2019-01-01T04:57:50,49.43612,-123.46095,15.2,133.5
1379852,316001251,2019-01-01T04:59:32,49.42898,-123.45433,18.6,149.4
1390439,316001251,2019-01-01T05:00:02,49.4268,-123.45227,18.2,147.7
1395867,316001251,2019-01-01T05:01:04,49.42318,-123.44741,16.1,122.3
1397314,316001251,2019-01-01T05:02:06,49.42216,-123.44077,15.4,88.8
1404480,316001251,2019-01-01T05:03:08,49.42238,-123.43397,15.6,88.7
1412107,316001251,2019-01-01T05:04:14,49.42243,-123.42673,14.8,89.1
1417431,316001251,2019-01-01T05:05:20,49.42258,-123.41988,14.6,88.9
1423043,316001251,2019-01-01T05:06:44,49.42259,-123.41113,14.7,88.3
1431627,316001251,2019-01-01T05:07:50,49.42266,-123.40429,14.9,90.8
1443325,316001251,2019-01-01T05:10:01,49.42267,-123.39034,14.9,91.1
1446366,316001251,2019-01-01T05:08:56,49.42264,-123.39721,14.8,89.2
1448103,316001251,2019-01-01T05:11:07,49.42263,-123.38335,14.9,88.7
1452341,316001251,2019-01-01T05:12:50,49.42268,-123.37243,14.8,89.8
1457705,316001251,2019-01-01T05:14:08,49.42347,-123.36459,14.6,78.0
1466729,316001251,2019-01-01T05:15:14,49.42428,-123.35777,14.9,79.7
1472163,316001251,2019-01-01T05:16:26,49.42528,-123.3502,14.9,79.1
1477879,316001251,2019-01-01T05:17:38,49.42612,-123.34274,14.9,79.1
1482126,316001251,2019-01-01T05:18:55,49.42714,-123.33468,14.8,80.7
1492480,316001251,2019-01-01T05:19:56,49.42782,-123.32848,14.6,78.8
1493686,316001251,2019-01-01T05:21:55,49.42921,-123.31609,14.7,79.7
1499456,316001251,2019-01-01T05:22:58,49.42964,-123.30968,14.5,96.7
1503380,316001251,2019-01-01T05:24:06,49.42774,-123.3033,15.2,125.2
1515774,316001251,2019-01-01T05:27:08,49.41916,-123.28865,14.9,139.3
1527729,316001251,2019-01-01T05:29:56,49.40971,-123.27846,14.7,145.9
1531739,316001251,2019-01-01T05:31:18,49.40445,-123.27493,17.4,167.2
1531923,316001251,2019-01-01T05:32:32,49.39813,-123.27306,19.5,168.5
1555474,316001251,2019-01-01T05:36:38,49.38074,-123.27097,9.9,179.8
1561435,316001251,2019-01-01T05:38:08,49.37791,-123.27121,5.0,185.8
1567275,316001251,2019-01-01T05:39:38,49.37651,-123.27144,1.5,184.1
1583452,316001251,2019-01-01T05:40:41,49.3764,-123.27143,0.4,180.5
1588531,316001251,2019-01-01T05:41:50,49.37637,-123.27144,0.0,319.1
1595041,316001251,2019-01-01T05:43:41,49.37622,-123.27148,0.0,333.7
1604282,316001251,2019-01-01T05:47:30,49.37622,-123.27147,0.0,52.3
1620571,316001251,2019-01-01T05:49:51,49.37622,-123.27147,0.0,109.4
1631721,316001251,2019-01-01T05:52:20,49.37622,-123.27147,0.0,262.1
1637428,316001251,2019-01-01T05:55:01,49.37622,-123.27147,0.0,119.6
1638515,316001251,2019-01-01T05:53:40,49.37622,-123.27147,0.0,179.6
1647176,316001251,2019-01-01T05:58:10,49.37622,-123.27147,0.0,112.1
1650207,316001251,2019-01-01T05:59:19,49.37622,-123.27147,0.0,297.2
1657283,316001251,2019-01-01T05:56:19,49.37622,-123.27147,0.0,330.1
1661685,316001251,2019-01-01T06:00:19,49.37622,-123.27147,0.0,328.2
1667251,316001251,2019-01-01T06:01:29,49.37622,-123.27147,0.0,212.1
1674016,316001251,2019-01-01T06:03:20,49.37622,-123.27147,0.0,244.5
1685078,316001251,2019-01-01T06:05:39,49.37622,-123.27147,0.0,188.1
1697146,316001251,2019-01-01T06:07:39,49.37622,-123.27147,0.0,136.9
1699693,316001251,2019-01-01T06:04:29,49.37622,-123.27147,0.0,5.9
1704316,316001251,2019-01-01T06:09:03,49.37698,-123.27142,0.0,79.6
1712535,316001251,2019-01-01T06:10:30,49.37699,-123.27145,0.1,269.2
1722566,316001251,2019-01-01T06:11:50,49.37722,-123.27146,3.4,4.2
1728493,316001251,2019-01-01T06:13:11,49.38074,-123.27092,14.5,0.8
1733639,316001251,2019-01-01T06:14:14,49.38533,-123.27268,18.1,329.6
1738776,316001251,2019-01-01T06:15:16,49.38893,-123.27864,19.2,298.4
1748945,316001251,2019-01-01T06:17:20,49.38755,-123.29454,19.6,233.1
1756622,316001251,2019-01-01T06:18:44,49.38222,-123.30252,19.0,219.7
1760629,316001251,2019-01-01T06:19:46,49.37785,-123.30759,18.8,212.5
1765938,316001251,2019-01-01T06:20:56,49.37266,-123.31221,18.8,209.1
1770791,316001251,2019-01-01T06:16:18,49.38993,-123.28679,19.2,261.5
1780875,316001251,2019-01-01T06:21:57,49.3679,-123.31612,18.7,208.9
1788987,316001251,2019-01-01T06:24:10,49.35784,-123.32455,18.7,208.2
1792840,316001251,2019-01-01T06:25:20,49.35245,-123.32907,18.7,208.1
1794611,316001251,2019-01-01T06:23:08,49.36256,-123.3206,18.7,208.0
1798824,316001251,2019-01-01T06:26:32,49.347,-123.33366,18.6,209.3
1804511,316001251,2019-01-01T06:27:34,49.34239,-123.33754,18.6,209.0
1809620,316001251,2019-01-01T06:28:44,49.33703,-123.34212,18.7,207.5
1814651,316001251,2019-01-01T06:29:46,49.33291,-123.34697,18.1,232.8
1819628,316001251,2019-01-01T06:30:48,49.33093,-123.35439,19.0,254.6
1825353,316001251,2019-01-01T06:31:56,49.32931,-123.36327,19.5,254.5
1836984,316001251,2019-01-01T06:32:58,49.32771,-123.37141,19.2,254.0
1841363,316001251,2019-01-01T06:34:08,49.32591,-123.38059,18.7,255.7
1846823,316001251,2019-01-01T06:35:09,49.32456,-123.38841,18.5,254.2
1851799,316001251,2019-01-01T06:36:10,49.32324,-123.39602,18.6,255.4
1857540,316001251,2019-01-01T06:37:20,49.32169,-123.40509,18.6,255.9
1868608,316001251,2019-01-01T06:39:34,49.31884,-123.42225,18.7,256.5
1873119,316001251,2019-01-01T06:40:43,49.31736,-123.43123,18.6,255.6
1878096,316001251,2019-01-01T06:41:46,49.31602,-123.43932,18.8,254.8
1883179,316001251,2019-01-01T06:42:57,49.3145,-123.44835,18.9,254.9
1885598,316001251,2019-01-01T06:38:32,49.32014,-123.41439,18.8,256.9
1894807,316001251,2019-01-01T06:43:58,49.31317,-123.45636,18.8,255.3
1901520,316001251,2019-01-01T06:45:10,49.31166,-123.46567,18.7,256.4
1907075,316001251,2019-01-01T06:46:19,49.31021,-123.47458,18.8,257.0
1914490,316001251,2019-01-01T06:47:23,49.30894,-123.48275,18.9,257.3
1918896,316001251,2019-01-01T06:48:32,49.30767,-123.49176,18.9,257.9
1922052,316001251,2019-01-01T06:49:34,49.30654,-123.49985,18.7,257.2
1930117,316001251,2019-01-01T06:50:44,49.30525,-123.50885,18.5,256.5
1930710,316001251,2019-01-01T06:51:45,49.30405,-123.51678,18.5,256.9
1938335,316001251,2019-01-01T06:52:55,49.30264,-123.52573,18.5,257.3
1948120,316001251,2019-01-01T06:53:58,49.30137,-123.53368,18.7,257.0
1953784,316001251,2019-01-01T06:55:08,49.29996,-123.5427,18.7,256.7
1960420,316001251,2019-01-01T06:56:10,49.2987,-123.5507,18.8,255.6
1963887,316001251,2019-01-01T06:57:32,49.29705,-123.5613,18.8,255.7
1970955,316001251,2019-01-01T06:58:44,49.2956,-123.5706,18.7,256.0
1975412,316001251,2019-01-01T06:59:45,49.29426,-123.57856,18.6,257.1
1979025,316001251,2019-01-01T07:00:08,49.29379,-123.58151,18.7,255.4
1985007,316001251,2019-01-01T07:01:10,49.29245,-123.58934,18.6,256.5
2001052,316001251,2019-01-01T07:02:19,49.29092,-123.59831,18.6,256.0
2001877,316001251,2019-01-01T07:03:32,49.28937,-123.60754,18.7,255.6
2006112,316001251,2019-01-01T07:04:33,49.28804,-123.6155,18.7,255.4
2010158,316001251,2019-01-01T07:05:34,49.28677,-123.6232,18.7,255.4
2016887,316001251,2019-01-01T07:06:44,49.28487,-123.63215,18.6,252.5
2022019,316001251,2019-01-01T07:07:46,49.28343,-123.63989,18.7,253.7
2027358,316001251,2019-01-01T07:08:56,49.28178,-123.64883,18.7,254.6
2033602,316001251,2019-01-01T07:11:08,49.27862,-123.6658,18.7,254.2
2034311,316001251,2019-01-01T07:09:57,49.28028,-123.65674,18.7,254.6
2050277,316001251,2019-01-01T07:13:22,49.27552,-123.68293,18.8,254.0
2050744,316001251,2019-01-01T07:14:34,49.27385,-123.69213,18.7,254.4
2057706,316001251,2019-01-01T07:12:20,49.27694,-123.67499,18.8,254.0
2064940,316001251,2019-01-01T07:15:44,49.27224,-123.70096,18.7,255.1
2073981,316001251,2019-01-01T07:16:56,49.27051,-123.71028,18.7,254.6
2076021,316001251,2019-01-01T07:17:58,49.26909,-123.71821,18.8,253.6
2083202,316001251,2019-01-01T07:19:08,49.26735,-123.72698,18.8,250.9
2092186,316001251,2019-01-01T07:22:32,49.26171,-123.75255,18.7,251.8
2097757,316001251,2019-01-01T07:21:22,49.26363,-123.74391,18.6,252.0
2100527,316001251,2019-01-01T07:23:33,49.26,-123.76033,18.7,251.2
2105035,316001251,2019-01-01T07:20:19,49.26538,-123.73604,18.7,251.0
2113446,316001251,2019-01-01T07:24:44,49.25804,-123.76924,18.6,251.4
2120321,316001251,2019-01-01T07:25:47,49.25619,-123.77696,18.7,248.8
2123603,316001251,2019-01-01T07:26:56,49.25413,-123.78554,18.8,248.4
2129522,316001251,2019-01-01T07:27:58,49.25223,-123.79322,18.7,249.6
2135552,316001251,2019-01-01T07:29:20,49.2497,-123.8035,18.7,249.8
2140758,316001251,2019-01-01T07:30:22,49.24777,-123.81116,18.7,249.9
2146057,316001251,2019-01-01T07:31:32,49.24559,-123.81983,18.8,248.8
2151099,316001251,2019-01-01T07:32:34,49.24366,-123.82752,18.9,248.3
2157081,316001251,2019-01-01T07:33:44,49.24146,-123.83619,18.7,249.2
2162185,316001251,2019-01-01T07:34:46,49.23942,-123.8438,18.8,245.9
2168525,316001251,2019-01-01T07:35:56,49.2371,-123.85221,18.7,246.8
2177036,316001251,2019-01-01T07:36:58,49.23475,-123.85962,18.7,244.4
2184013,316001251,2019-01-01T07:38:08,49.23211,-123.86808,18.6,245.7
2190545,316001251,2019-01-01T07:39:10,49.23005,-123.87563,18.7,247.1
2194344,316001251,2019-01-01T07:40:32,49.22718,-123.88556,18.6,246.5
2198243,316001251,2019-01-01T07:41:34,49.22489,-123.89282,18.7,239.6
2207139,316001251,2019-01-01T07:43:46,49.21846,-123.90733,18.7,235.4
2207745,316001251,2019-01-01T07:42:44,49.22143,-123.90065,18.7,236.1
2215717,316001251,2019-01-01T07:44:56,49.21493,-123.91499,18.6,233.9
2220775,316001251,2019-01-01T07:46:20,49.21095,-123.92403,18.4,237.2
2234828,316001251,2019-01-01T07:47:44,49.20808,-123.93413,18.9,248.0
2239876,316001251,2019-01-01T07:48:55,49.20569,-123.94313,18.7,248.3
2243204,316001251,2019-01-01T07:49:56,49.20412,-123.94901,11.0,245.7
2248857,316001251,2019-01-01T07:50:58,49.20211,-123.95306,12.3,215.9
2252366,316001251,2019-01-01T07:52:00,49.19891,-123.95467,9.8,188.7
2261529,316001251,2019-01-01T07:53:22,49.19609,-123.95529,6.3,183.7
2265767,316001251,2019-01-01T07:54:32,49.19438,-123.95536,3.8,180.1
2276592,316001251,2019-01-01T07:56:33,49.19371,-123.95537,0.2,269.0
2298623,316001251,2019-01-01T08:00:02,49.1937,-123.95538,0.0,295.2
2420032,316001251,2019-01-01T08:23:22,49.19371,-123.95538,0.0,194.5
2564211,316001251,2019-01-01T08:50:22,49.19371,-123.95538,0.0,267.4
2726673,316001251,2019-01-01T09:17:23,49.1937,-123.95538,0.0,73.9
2888063,316001251,2019-01-01T09:50:21,49.1937,-123.95537,0.0,36.7
2941531,316001251,2019-01-01T10:02:22,49.1937,-123.95537,0.0,173.3
2991459,316001251,2019-01-01T10:11:22,49.19371,-123.95538,0.0,100.1
3012251,316001251,2019-01-01T10:14:22,49.19371,-123.95537,0.0,69.7
3089611,316001251,2019-01-01T10:29:22,49.1937,-123.95538,0.0,18.8
3116890,316001251,2019-01-01T10:35:23,49.19371,-123.95538,0.0,335.8
3150845,316001251,2019-01-01T10:41:23,49.19371,-123.95538,0.0,286.9
3262611,316001251,2019-01-01T11:02:22,49.19371,-123.95539,0.0,302.2
3292854,316001251,2019-01-01T11:08:23,49.19371,-123.95539,0.0,6.7
3339401,316001251,2019-01-01T11:17:23,49.1937,-123.95538,0.0,241.3
3400996,316001251,2019-01-01T11:29:22,49.1937,-123.95538,0.0,231.9
3416026,316001251,2019-01-01T11:32:22,49.19371,-123.95538,0.0,20.7
3436566,316001251,2019-01-01T11:35:23,49.1937,-123.95538,0.0,215.1
3467894,316001251,2019-01-01T11:41:22,49.1937,-123.95538,0.0,281.8
3547543,316001251,2019-01-01T11:56:22,49.19371,-123.95538,0.0,325.0
3560922,316001251,2019-01-01T11:59:22,49.1937,-123.95538,0.0,359.4
3579857,316001251,2019-01-01T12:02:22,49.1937,-123.95538,0.0,154.9
3663982,316001251,2019-01-01T12:17:22,49.1937,-123.95538,0.0,191.4
3836026,316001251,2019-01-01T12:50:21,49.1937,-123.95538,0.0,144.8
3848602,316001251,2019-01-01T12:53:22,49.1937,-123.95538,0.0,330.1
3914794,316001251,2019-01-01T13:05:22,49.19371,-123.95538,0.0,192.4
4025730,316001251,2019-01-01T13:26:13,49.19446,-123.95557,0.0,312.6
4031549,316001251,2019-01-01T13:27:22,49.19445,-123.95557,0.0,279.6
4039003,316001251,2019-01-01T13:28:33,49.19446,-123.95557,0.0,77.7
4044378,316001251,2019-01-01T13:29:43,49.19446,-123.95556,0.0,188.3
4047031,316001251,2019-01-01T13:30:50,49.1937,-123.95538,0.0,136.4
4060319,316001251,2019-01-01T13:31:53,49.1937,-123.95538,0.0,246.2
4067461,316001251,2019-01-01T13:33:22,49.1937,-123.95538,0.0,345.2
4072739,316001251,2019-01-01T13:34:33,49.1937,-123.95538,0.0,13.3
4080130,316001251,2019-01-01T13:35:43,49.1937,-123.95538,0.0,70.9
4087077,316001251,2019-01-01T13:37:03,49.1937,-123.95538,0.0,355.3
4095208,316001251,2019-01-01T13:38:33,49.19371,-123.95538,0.0,37.8
4097679,316001251,2019-01-01T13:39:44,49.19371,-123.95538,0.0,59.9
4102919,316001251,2019-01-01T13:41:14,49.19371,-123.95538,0.0,24.8
4120496,316001251,2019-01-01T13:42:44,49.19371,-123.95538,0.0,308.5
4124955,316001251,2019-01-01T13:44:02,49.19371,-123.95538,0.0,31.0
4138521,316001251,2019-01-01T13:46:44,49.19371,-123.95538,0.0,300.1
4145036,316001251,2019-01-01T13:48:33,49.1937,-123.95538,0.0,74.7
4150241,316001251,2019-01-01T13:49:44,49.1937,-123.95538,0.0,280.3
4150584,316001251,2019-01-01T13:45:24,49.19371,-123.95538,0.0,316.5
4157031,316001251,2019-01-01T13:50:54,49.1937,-123.95538,0.0,46.1
4166315,316001251,2019-01-01T13:52:03,49.19371,-123.95538,0.0,324.4
4173256,316001251,2019-01-01T13:53:13,49.19371,-123.95538,0.0,335.2
4181738,316001251,2019-01-01T13:54:33,49.19371,-123.95538,0.0,346.2
4188216,316001251,2019-01-01T13:55:53,49.19371,-123.95538,0.0,313.0
4205929,316001251,2019-01-01T13:59:13,49.1937,-123.95537,0.0,225.5
4217714,316001251,2019-01-01T14:01:54,49.1937,-123.95537,0.0,13.6
4224435,316001251,2019-01-01T13:57:34,49.19371,-123.95538,0.0,202.0
4226585,316001251,2019-01-01T14:00:13,49.1937,-123.95537,0.0,0.7
4235644,316001251,2019-01-01T14:03:54,49.1937,-123.95537,0.0,322.0
4251557,316001251,2019-01-01T14:07:13,49.1937,-123.95537,0.0,259.5
4258438,316001251,2019-01-01T14:08:54,49.1937,-123.95537,0.0,15.7
4265155,316001251,2019-01-01T14:10:13,49.1937,-123.95537,0.0,126.2
4273606,316001251,2019-01-01T14:11:53,49.19371,-123.95537,0.0,102.5
4275166,316001251,2019-01-01T14:05:54,49.1937,-123.95537,0.0,305.6
4285015,316001251,2019-01-01T14:13:13,49.19371,-123.95537,0.0,6.0
4295912,316001251,2019-01-01T14:14:27,49.19445,-123.95556,0.0,36.9
4298398,316001251,2019-01-01T14:15:33,49.19445,-123.95555,0.1,106.8
4303401,316001251,2019-01-01T14:16:43,49.19447,-123.95552,0.9,6.1
4311555,316001251,2019-01-01T14:18:33,49.19812,-123.95538,13.3,6.8
4317631,316001251,2019-01-01T14:19:35,49.20187,-123.95248,16.0,46.4
4322299,316001251,2019-01-01T14:20:37,49.20447,-123.94603,17.9,62.5
4327182,316001251,2019-01-01T14:21:43,49.20704,-123.93859,18.7,63.3
4341654,316001251,2019-01-01T14:23:07,49.21075,-123.92859,19.2,57.5
4345335,316001251,2019-01-01T14:24:19,49.21397,-123.92025,19.6,58.2
4350897,316001251,2019-01-01T14:25:26,49.21717,-123.91239,19.5,59.7
4358745,316001251,2019-01-01T14:27:01,49.22161,-123.90128,19.4,59.1
4364142,316001251,2019-01-01T14:28:07,49.22458,-123.89344,19.3,63.6
4370736,316001251,2019-01-01T14:29:13,49.22639,-123.8849,19.2,73.1
4374497,316001251,2019-01-01T14:30:19,49.2281,-123.87628,19.3,74.4
4380016,316001251,2019-01-01T14:31:25,49.2298,-123.86748,19.3,72.4
4386358,316001251,2019-01-01T14:32:31,49.23144,-123.85889,19.4,74.4
4399838,316001251,2019-01-01T14:33:37,49.23315,-123.85022,19.5,73.7
4402976,316001251,2019-01-01T14:34:43,49.23478,-123.84134,19.4,73.2
4408342,316001251,2019-01-01T14:35:55,49.23627,-123.83184,19.3,77.3
4416795,316001251,2019-01-01T14:37:07,49.23777,-123.82223,19.5,77.8
4418640,316001251,2019-01-01T14:38:13,49.23909,-123.81337,19.4,76.1
4423993,316001251,2019-01-01T14:39:25,49.24054,-123.80357,19.4,77.0
4432469,316001251,2019-01-01T14:40:37,49.24205,-123.79409,19.5,77.6
4438622,316001251,2019-01-01T14:41:43,49.24341,-123.78515,19.3,75.7
4444212,316001251,2019-01-01T14:42:49,49.24472,-123.77631,19.4,77.6
4450127,316001251,2019-01-01T14:44:01,49.24626,-123.7667,19.5,77.0
4459040,316001251,2019-01-01T14:45:07,49.24754,-123.75796,19.3,75.6
4470534,316001251,2019-01-01T14:47:31,49.25059,-123.73872,19.4,76.8
4471324,316001251,2019-01-01T14:46:13,49.24896,-123.74901,19.5,77.3
4474362,316001251,2019-01-01T14:48:37,49.25196,-123.72989,19.4,75.4
4484146,316001251,2019-01-01T14:49:43,49.25333,-123.72104,19.5,77.4
4489932,316001251,2019-01-01T14:50:49,49.25479,-123.71212,19.4,75.4
4499999,316001251,2019-01-01T14:52:55,49.25744,-123.69542,19.5,75.9
4507057,316001251,2019-01-01T14:54:02,49.25881,-123.68641,19.3,75.7
4510899,316001251,2019-01-01T14:55:07,49.26024,-123.6776,19.5,77.7
4511150,316001251,2019-01-01T14:51:50,49.25603,-123.70408,19.4,77.3
4519331,316001251,2019-01-01T14:56:13,49.26162,-123.66878,19.3,75.6
4525167,316001251,2019-01-01T14:57:19,49.26294,-123.65992,19.4,76.8
4530051,316001251,2019-01-01T14:58:25,49.26434,-123.65127,19.5,77.0
4536766,316001251,2019-01-01T14:59:31,49.26572,-123.64231,19.3,75.4
4541415,316001251,2019-01-01T15:00:13,49.26658,-123.63682,19.5,77.8
4548453,316001251,2019-01-01T15:01:19,49.26798,-123.62785,19.4,75.7
4550411,316001251,2019-01-01T15:02:25,49.2693,-123.61914,19.2,75.1
4559463,316001251,2019-01-01T15:04:43,49.27295,-123.60101,19.4,72.1
4562495,316001251,2019-01-01T15:03:38,49.27127,-123.60961,19.5,73.6
4573706,316001251,2019-01-01T15:05:49,49.27472,-123.59234,19.6,73.6
4580959,316001251,2019-01-01T15:06:55,49.27644,-123.58365,19.3,72.0
4584946,316001251,2019-01-01T15:08:07,49.27834,-123.57403,19.4,73.6
4590602,316001251,2019-01-01T15:09:13,49.28016,-123.56541,19.4,72.2
4595462,316001251,2019-01-01T15:10:19,49.28187,-123.55685,19.3,71.3
4599288,316001251,2019-01-01T15:11:25,49.28374,-123.54813,19.4,73.0
4611520,316001251,2019-01-01T15:12:31,49.28556,-123.53969,19.3,71.1
4612706,316001251,2019-01-01T15:13:37,49.28738,-123.53095,19.3,70.8
4618222,316001251,2019-01-01T15:14:43,49.28925,-123.52254,19.3,73.1
4634576,316001251,2019-01-01T15:15:49,49.29112,-123.51399,19.3,70.9
4637409,316001251,2019-01-01T15:18:07,49.29492,-123.49581,19.4,73.1
4646953,316001251,2019-01-01T15:19:13,49.29669,-123.48731,19.3,71.9
4649621,316001251,2019-01-01T15:17:01,49.29309,-123.50458,19.3,71.2
4652586,316001251,2019-01-01T15:20:25,49.29857,-123.47783,19.4,73.3
4658781,316001251,2019-01-01T15:21:31,49.30036,-123.46904,19.4,73.1
4663427,316001251,2019-01-01T15:22:37,49.30187,-123.46039,19.4,74.8
4673006,316001251,2019-01-01T15:24:49,49.30505,-123.44294,19.3,73.7
4683016,316001251,2019-01-01T15:23:43,49.3035,-123.45168,19.4,75.1
4684485,316001251,2019-01-01T15:25:55,49.30674,-123.43411,19.5,74.3
4690284,316001251,2019-01-01T15:27:01,49.30831,-123.42551,19.3,72.8
4695378,316001251,2019-01-01T15:28:07,49.31006,-123.41674,19.4,74.2
4705592,316001251,2019-01-01T15:30:13,49.31332,-123.40027,19.4,73.2
4708467,316001251,2019-01-01T15:31:25,49.31526,-123.39082,19.5,72.8
4716432,316001251,2019-01-01T15:32:31,49.31695,-123.38191,19.5,72.8
4720681,316001251,2019-01-01T15:29:08,49.31164,-123.40885,19.5,72.7
4722912,316001251,2019-01-01T15:33:37,49.31868,-123.37319,19.5,74.4
4725184,316001251,2019-01-01T15:34:38,49.3203,-123.36518,19.1,67.3
4732748,316001251,2019-01-01T15:35:43,49.32406,-123.35895,19.0,31.8
4743615,316001251,2019-01-01T15:36:49,49.32915,-123.35414,19.7,33.2
4751092,316001251,2019-01-01T15:37:55,49.33398,-123.34895,19.4,35.8
4753165,316001251,2019-01-01T15:39:01,49.33884,-123.34372,19.4,36.4
4759399,316001251,2019-01-01T15:40:13,49.34406,-123.33788,19.4,35.4
4767748,316001251,2019-01-01T15:41:19,49.34884,-123.33244,19.4,37.2
4768704,316001251,2019-01-01T15:42:20,49.35324,-123.32745,19.4,36.3
4774454,316001251,2019-01-01T15:43:25,49.35795,-123.32214,19.3,34.2
4784063,316001251,2019-01-01T15:44:31,49.36292,-123.31693,19.4,34.9
4790110,316001251,2019-01-01T15:45:37,49.36779,-123.31178,19.3,34.3
4793027,316001251,2019-01-01T15:46:43,49.37258,-123.30671,19.3,34.6
4801903,316001251,2019-01-01T15:47:49,49.37746,-123.30157,19.1,34.2
4808631,316001251,2019-01-01T15:48:55,49.38222,-123.2966,18.7,34.2
4813384,316001251,2019-01-01T15:49:57,49.38651,-123.29152,18.4,49.6
4820065,316001251,2019-01-01T15:50:59,49.3881,-123.28462,14.7,87.2
4824197,316001251,2019-01-01T15:52:07,49.38806,-123.27867,12.0,90.9
4835676,316001251,2019-01-01T15:54:19,49.38345,-123.27149,13.0,174.3
4841588,316001251,2019-01-01T15:55:33,49.37986,-123.27124,8.4,179.3
4850572,316001251,2019-01-01T15:57:13,49.37711,-123.27137,3.8,183.8
4852935,316001251,2019-01-01T15:53:13,49.38685,-123.27329,12.0,134.6
4862114,316001251,2019-01-01T15:58:44,49.37631,-123.27145,0.7,189.9
4874056,316001251,2019-01-01T16:00:44,49.37622,-123.27148,0.0,19.7
4883982,316001251,2019-01-01T16:02:03,49.37622,-123.27148,0.0,295.4
4887264,316001251,2019-01-01T16:03:13,49.37622,-123.27148,0.0,183.4
4894987,316001251,2019-01-01T16:05:23,49.37622,-123.27147,0.0,85.0
4905868,316001251,2019-01-01T16:06:44,49.37621,-123.27147,0.0,147.8
4918341,316001251,2019-01-01T16:08:44,49.37621,-123.27147,0.0,218.7
4927291,316001251,2019-01-01T16:10:43,49.37621,-123.27146,0.0,188.3
4936250,316001251,2019-01-01T16:11:44,49.37621,-123.27146,0.0,149.0
4943242,316001251,2019-01-01T16:13:02,49.37621,-123.27146,0.0,316.8
4951873,316001251,2019-01-01T16:14:43,49.3762,-123.27145,0.0,139.4
4964711,316001251,2019-01-01T16:17:23,49.3762,-123.27145,0.0,222.9
4968381,316001251,2019-01-01T16:15:44,49.3762,-123.27146,0.0,353.4
4974235,316001251,2019-01-01T16:18:24,49.3762,-123.27146,0.0,144.0
4979224,316001251,2019-01-01T16:19:44,49.3762,-123.27146,0.0,237.6
4984774,316001251,2019-01-01T16:21:04,49.3762,-123.27146,0.0,100.9
5000766,316001251,2019-01-01T16:23:54,49.3762,-123.27146,0.0,30.2
5006003,316001251,2019-01-01T16:25:04,49.3762,-123.27146,0.0,273.7
5013069,316001251,2019-01-01T16:26:10,49.37699,-123.27142,0.0,176.6
5018207,316001251,2019-01-01T16:27:23,49.37699,-123.27143,0.0,285.5
5023171,316001251,2019-01-01T16:22:44,49.3762,-123.27146,0.0,30.5
5028385,316001251,2019-01-01T16:28:34,49.37808,-123.27128,6.8,5.1
5034115,316001251,2019-01-01T16:29:49,49.38211,-123.27103,14.4,351.5
5044736,316001251,2019-01-01T16:31:55,49.3874,-123.28178,17.7,272.7
5054528,316001251,2019-01-01T16:33:59,49.38223,-123.29511,19.3,217.8
5056059,316001251,2019-01-01T16:30:53,49.38582,-123.27482,16.6,306.7
5065128,316001251,2019-01-01T16:36:02,49.37334,-123.30508,19.6,215.5
5070999,316001251,2019-01-01T16:37:07,49.36854,-123.31029,19.6,214.5
5076825,316001251,2019-01-01T16:38:19,49.36323,-123.31606,19.5,214.3
5076877,316001251,2019-01-01T16:32:57,49.38607,-123.28942,18.2,238.1
5081508,316001251,2019-01-01T16:35:01,49.37777,-123.30025,19.5,216.7
5091730,316001251,2019-01-01T16:39:25,49.35838,-123.32137,19.4,215.5
5092832,316001251,2019-01-01T16:40:31,49.35349,-123.32673,19.4,216.2
5098273,316001251,2019-01-01T16:41:43,49.34831,-123.33241,19.4,216.5
5104226,316001251,2019-01-01T16:42:49,49.34349,-123.33774,19.5,215.6
5110082,316001251,2019-01-01T16:43:55,49.3386,-123.34321,19.5,215.6
5115700,316001251,2019-01-01T16:45:02,49.3338,-123.34859,19.5,216.5
5121742,316001251,2019-01-01T16:46:03,49.32937,-123.35377,19.1,225.3
5126954,316001251,2019-01-01T16:47:05,49.32699,-123.36117,19.3,256.7
5133005,316001251,2019-01-01T16:49:19,49.32409,-123.37949,19.6,256.2
5133432,316001251,2019-01-01T16:48:14,49.32556,-123.3705,19.9,256.8
5148202,316001251,2019-01-01T16:50:25,49.32269,-123.38824,19.5,255.6
5158804,316001251,2019-01-01T16:52:43,49.31979,-123.40694,19.5,257.5
5162196,316001251,2019-01-01T16:51:37,49.32115,-123.39805,19.5,256.1
5163891,316001251,2019-01-01T16:53:49,49.31831,-123.41576,19.5,257.2
5171290,316001251,2019-01-01T16:54:55,49.31694,-123.42467,19.5,257.0
5185938,316001251,2019-01-01T16:58:13,49.31282,-123.45131,19.5,256.7
5191167,316001251,2019-01-01T16:59:14,49.31151,-123.45935,19.4,256.8
5195682,316001251,2019-01-01T16:56:01,49.31558,-123.43356,19.5,256.2
5196395,316001251,2019-01-01T16:57:07,49.31423,-123.4423,19.5,255.9
5201530,316001251,2019-01-01T17:00:01,49.31046,-123.46576,19.4,255.2
5203755,316001251,2019-01-01T17:01:02,49.30916,-123.47378,19.5,255.9
5211930,316001251,2019-01-01T17:02:07,49.30773,-123.4825,19.5,256.7
5217425,316001251,2019-01-01T17:03:13,49.30627,-123.49149,19.4,257.1
5223357,316001251,2019-01-01T17:04:19,49.30488,-123.50035,19.5,257.2
5228276,316001251,2019-01-01T17:05:25,49.30356,-123.50908,19.5,257.0
5236457,316001251,2019-01-01T17:06:37,49.30211,-123.51874,19.4,256.5
5238920,316001251,2019-01-01T17:07:43,49.30083,-123.52773,19.4,256.9
5248264,316001251,2019-01-01T17:08:49,49.29955,-123.53659,19.4,258.5
5248799,316001251,2019-01-01T17:09:55,49.29827,-123.54533,19.4,257.8
5268229,316001251,2019-01-01T17:12:13,49.29556,-123.56386,19.5,256.5
5268811,316001251,2019-01-01T17:11:07,49.29683,-123.55512,19.4,257.4
5272660,316001251,2019-01-01T17:13:19,49.29417,-123.57284,19.4,256.0
5277715,316001251,2019-01-01T17:14:31,49.29265,-123.58232,19.4,255.5
5286196,316001251,2019-01-01T17:16:43,49.28985,-123.59994,19.4,256.3
5286489,316001251,2019-01-01T17:15:37,49.29125,-123.59113,19.5,255.3
5295973,316001251,2019-01-01T17:17:55,49.2883,-123.60969,19.4,256.8
5304809,316001251,2019-01-01T17:19:07,49.2868,-123.6192,19.4,257.1
5309218,316001251,2019-01-01T17:20:13,49.28539,-123.62819,19.4,257.6
5322179,316001251,2019-01-01T17:21:20,49.28401,-123.63705,19.5,256.7
5329483,316001251,2019-01-01T17:22:25,49.2824,-123.64566,19.6,251.5
5330977,316001251,2019-01-01T17:23:31,49.2805,-123.65441,19.5,250.8
5336095,316001251,2019-01-01T17:24:37,49.27867,-123.66293,19.6,250.7
5341915,316001251,2019-01-01T17:25:43,49.27679,-123.67159,19.5,250.9
5346932,316001251,2019-01-01T17:26:49,49.2749,-123.68026,19.6,251.7
5351182,316001251,2019-01-01T17:27:55,49.27283,-123.68896,19.3,252.0
5368046,316001251,2019-01-01T17:29:07,49.27082,-123.69826,19.5,251.3
5369207,316001251,2019-01-01T17:30:19,49.26875,-123.70783,19.5,250.7
5375495,316001251,2019-01-01T17:31:26,49.26686,-123.71647,19.6,250.6
5381483,316001251,2019-01-01T17:32:31,49.26499,-123.72512,19.5,251.2
5386490,316001251,2019-01-01T17:33:37,49.26311,-123.73363,19.5,251.5
5389958,316001251,2019-01-01T17:34:43,49.26118,-123.74227,19.4,251.9
5393806,316001251,2019-01-01T17:35:55,49.25906,-123.7518,19.5,251.4
5405111,316001251,2019-01-01T17:37:01,49.25714,-123.76041,19.5,251.6
5410390,316001251,2019-01-01T17:39:07,49.25354,-123.77671,19.3,250.8
5411118,316001251,2019-01-01T17:38:02,49.25541,-123.76825,19.5,251.0
5425852,316001251,2019-01-01T17:40:13,49.2516,-123.78543,19.4,252.0
5429881,316001251,2019-01-01T17:41:37,49.24921,-123.79627,19.5,250.9
5433910,316001251,2019-01-01T17:42:44,49.2473,-123.80506,19.6,251.0
5440177,316001251,2019-01-01T17:43:49,49.24544,-123.8136,19.6,251.7
5448211,316001251,2019-01-01T17:44:55,49.24352,-123.82239,19.4,252.2
5454383,316001251,2019-01-01T17:46:13,49.24114,-123.83251,19.6,247.5
5462736,316001251,2019-01-01T17:48:25,49.23667,-123.84923,19.4,247.5
5470768,316001251,2019-01-01T17:49:43,49.23387,-123.85919,19.2,248.9
5474330,316001251,2019-01-01T17:50:49,49.23171,-123.8675,19.5,249.0
5480724,316001251,2019-01-01T17:47:19,49.23888,-123.84094,19.5,248.5
5486276,316001251,2019-01-01T17:52:07,49.22907,-123.87763,19.4,248.4
5498330,316001251,2019-01-01T17:53:31,49.22628,-123.88826,19.4,248.5
5501985,316001251,2019-01-01T17:54:55,49.22312,-123.89891,19.5,240.3
5508016,316001251,2019-01-01T17:56:02,49.2198,-123.90643,19.3,233.2
5516248,316001251,2019-01-01T17:57:37,49.21465,-123.91677,19.4,232.3
5520309,316001251,2019-01-01T17:58:43,49.21131,-123.92431,19.0,243.5
5526329,316001251,2019-01-01T18:00:14,49.20797,-123.93522,18.9,244.8
5540548,316001251,2019-01-01T18:01:19,49.2058,-123.94291,15.2,247.2
5545722,316001251,2019-01-01T18:02:31,49.20431,-123.94851,10.8,247.9
5557196,316001251,2019-01-01T18:04:43,49.19928,-123.95503,10.1,187.8
5560989,316001251,2019-01-01T18:05:46,49.19689,-123.95528,6.5,182.1
5569787,316001251,2019-01-01T18:07:46,49.1944,-123.95539,2.5,177.6
5573024,316001251,2019-01-01T18:03:39,49.20231,-123.9531,11.7,220.9
5577375,316001251,2019-01-01T18:08:58,49.19385,-123.95538,0.7,179.5
5583199,316001251,2019-01-01T18:10:06,49.1937,-123.95538,0.0,219.8
5588208,316001251,2019-01-01T18:11:37,49.1937,-123.95538,0.0,315.2
5601131,316001251,2019-01-01T18:12:46,49.1937,-123.95538,0.0,113.2
5608409,316001251,2019-01-01T18:14:06,49.1937,-123.95538,0.0,359.7
5614520,316001251,2019-01-01T18:15:18,49.1937,-123.95538,0.0,170.6
5620329,316001251,2019-01-01T18:16:27,49.1937,-123.95538,0.0,246.2
5624715,316001251,2019-01-01T18:17:38,49.1937,-123.95538,0.0,96.1
5638923,316001251,2019-01-01T18:20:07,49.1937,-123.95538,0.0,210.3
5645771,316001251,2019-01-01T18:21:27,49.1937,-123.95538,0.0,319.6
5652329,316001251,2019-01-01T18:18:46,49.1937,-123.95538,0.0,12.4
5654893,316001251,2019-01-01T18:22:38,49.1937,-123.95538,0.0,73.0
5663648,316001251,2019-01-01T18:24:07,49.1937,-123.95538,0.0,328.7
5668936,316001251,2019-01-01T18:25:27,49.1937,-123.95538,0.0,263.2
5678896,316001251,2019-01-01T18:26:47,49.1937,-123.95538,0.0,57.1
5682725,316001251,2019-01-01T18:28:07,49.1937,-123.95538,0.0,291.4
5700852,316001251,2019-01-01T18:30:46,49.1937,-123.95538,0.0,273.3
5703753,316001251,2019-01-01T18:31:58,49.1937,-123.95538,0.0,109.2
5703837,316001251,2019-01-01T18:29:28,49.1937,-123.95538,0.0,191.8
5713656,316001251,2019-01-01T18:33:17,49.1937,-123.95538,0.0,260.2
5720013,316001251,2019-01-01T18:34:36,49.1937,-123.95538,0.0,223.1
5724978,316001251,2019-01-01T18:35:46,49.1937,-123.95538,0.0,140.2
5745785,316001251,2019-01-01T18:39:45,49.19446,-123.95556,0.0,247.6
5751193,316001251,2019-01-01T18:40:46,49.19445,-123.95556,0.0,75.0
5754292,316001251,2019-01-01T18:41:57,49.19446,-123.95549,0.1,74.3
5755637,316001251,2019-01-01T18:36:56,49.1937,-123.95538,0.0,86.1
5761989,316001251,2019-01-01T18:42:58,49.19458,-123.95545,2.5,5.5
5764789,316001251,2019-01-01T18:38:18,49.1937,-123.95538,0.0,289.4
5778658,316001251,2019-01-01T18:44:57,49.1994,-123.95487,14.1,15.9
5784106,316001251,2019-01-01T18:46:03,49.20292,-123.95061,16.1,58.8
5789068,316001251,2019-01-01T18:47:21,49.20582,-123.94202,18.6,63.0
5795575,316001251,2019-01-01T18:48:27,49.20849,-123.93415,19.2,60.2
5802505,316001251,2019-01-01T18:49:33,49.21153,-123.92642,19.3,60.3
5810576,316001251,2019-01-01T18:52:04,49.21847,-123.90856,19.4,59.1
5816284,316001251,2019-01-01T18:53:09,49.22153,-123.90092,19.5,59.5
5824188,316001251,2019-01-01T18:50:57,49.2154,-123.91656,19.6,58.0
5829157,316001251,2019-01-01T18:54:11,49.22391,-123.89313,19.1,76.1
5833395,316001251,2019-01-01T18:55:22,49.22513,-123.88381,19.2,77.7
5842855,316001251,2019-01-01T18:56:27,49.22627,-123.87505,19.5,78.5
5846473,316001251,2019-01-01T18:57:33,49.2275,-123.86619,19.4,78.8
5848890,316001251,2019-01-01T18:58:39,49.22871,-123.85732,19.4,76.6
5857921,316001251,2019-01-01T18:59:45,49.22995,-123.84833,19.4,78.4
5860894,316001251,2019-01-01T19:00:03,49.23028,-123.84606,19.3,77.1
5865738,316001251,2019-01-01T19:01:04,49.23144,-123.83786,19.5,78.9
5868922,316001251,2019-01-01T19:02:09,49.2327,-123.82912,19.5,77.0
5876566,316001251,2019-01-01T19:03:27,49.23414,-123.81859,19.4,76.9
5886300,316001251,2019-01-01T19:04:33,49.23542,-123.80971,19.5,78.9
5891106,316001251,2019-01-01T19:05:34,49.23659,-123.80151,19.4,76.8
5906697,316001251,2019-01-01T19:09:10,49.24074,-123.77244,19.4,77.1
5906725,316001251,2019-01-01T19:08:09,49.23955,-123.78048,19.5,78.3
5915896,316001251,2019-01-01T19:10:15,49.24196,-123.76353,19.4,77.1
5918917,316001251,2019-01-01T19:11:16,49.2432,-123.75546,19.6,78.3
5920080,316001251,2019-01-01T19:06:39,49.23779,-123.79273,19.4,77.8
5925646,316001251,2019-01-01T19:12:33,49.24472,-123.74508,19.6,76.8
5930920,316001251,2019-01-01T19:13:45,49.24609,-123.73523,19.4,77.0
5943430,316001251,2019-01-01T19:14:51,49.24742,-123.72652,19.5,78.6
5951120,316001251,2019-01-01T19:15:57,49.24874,-123.71754,19.4,76.3
5956981,316001251,2019-01-01T19:17:09,49.25008,-123.70798,19.4,77.5
5961149,316001251,2019-01-01T19:18:15,49.25144,-123.69901,19.5,78.4
5964663,316001251,2019-01-01T19:19:27,49.25287,-123.68948,19.4,76.3
5970785,316001251,2019-01-01T19:20:33,49.25414,-123.6806,19.3,76.7
5980962,316001251,2019-01-01T19:21:45,49.2559,-123.67107,19.6,75.2
5987671,316001251,2019-01-01T19:22:52,49.25751,-123.66213,19.4,73.2
5991524,316001251,2019-01-01T19:23:57,49.25905,-123.65349,19.4,75.4
6002919,316001251,2019-01-01T19:25:16,49.26099,-123.64308,19.4,74.6
6007045,316001251,2019-01-01T19:26:33,49.26281,-123.63286,19.3,73.5
6017699,316001251,2019-01-01T19:28:40,49.26584,-123.61599,19.4,74.9
6028192,316001251,2019-01-01T19:27:39,49.26438,-123.62394,19.4,75.4
6029889,316001251,2019-01-01T19:30:57,49.26918,-123.59791,19.4,71.1
6036048,316001251,2019-01-01T19:32:03,49.27093,-123.58921,19.4,72.9
6043513,316001251,2019-01-01T19:33:15,49.27291,-123.5798,19.4,73.6
6045312,316001251,2019-01-01T19:29:45,49.26729,-123.60732,19.4,75.0
6048741,316001251,2019-01-01T19:34:21,49.27468,-123.57113,19.4,72.2
6062506,316001251,2019-01-01T19:35:27,49.27643,-123.56247,19.3,72.2
6064330,316001251,2019-01-01T19:36:39,49.27836,-123.55302,19.4,72.2
6070786,316001251,2019-01-01T19:37:52,49.28039,-123.54348,19.4,72.8
6080210,316001251,2019-01-01T19:39:03,49.28242,-123.53425,19.4,72.3
6080529,316001251,2019-01-01T19:40:10,49.28428,-123.52553,19.3,70.6
6088858,316001251,2019-01-01T19:41:15,49.28606,-123.51704,19.4,72.1
6095411,316001251,2019-01-01T19:42:28,49.28811,-123.50752,19.5,73.2
6096258,316001251,2019-01-01T19:43:33,49.28986,-123.49899,19.4,72.0
6101414,316001251,2019-01-01T19:44:39,49.29161,-123.49032,19.4,71.8
6114386,316001251,2019-01-01T19:45:45,49.29331,-123.48166,19.2,73.2
6119855,316001251,2019-01-01T19:46:51,49.29509,-123.47291,19.4,74.3
6127069,316001251,2019-01-01T19:47:58,49.2967,-123.46423,19.3,73.2
6129678,316001251,2019-01-01T19:49:09,49.29844,-123.45485,19.4,74.4
6137340,316001251,2019-01-01T19:50:28,49.30049,-123.44449,19.3,70.9
6144541,316001251,2019-01-01T19:51:39,49.30279,-123.43522,19.6,70.0
6148820,316001251,2019-01-01T19:52:45,49.30489,-123.42685,19.4,67.0
6155094,316001251,2019-01-01T19:53:51,49.30711,-123.4183,19.4,68.5
6168125,316001251,2019-01-01T19:54:58,49.30937,-123.40995,19.3,66.4
6171385,316001251,2019-01-01T19:56:03,49.31159,-123.40155,19.3,67.5
6175901,316001251,2019-01-01T19:57:04,49.31367,-123.39393,19.5,68.4
6182868,316001251,2019-01-01T19:58:09,49.3159,-123.38551,19.4,67.3
6188023,316001251,2019-01-01T19:59:22,49.3183,-123.37628,19.4,67.5
6196151,316001251,2019-01-01T20:00:10,49.31995,-123.37014,19.5,68.6
6199983,316001251,2019-01-01T20:01:13,49.32278,-123.36278,18.7,42.2
6206969,316001251,2019-01-01T20:02:16,49.3274,-123.35818,19.6,32.1
6210173,316001251,2019-01-01T20:03:22,49.33235,-123.35299,19.5,35.9
6215737,316001251,2019-01-01T20:04:39,49.33803,-123.34691,19.5,36.4
6227324,316001251,2019-01-01T20:05:45,49.34291,-123.34143,19.4,35.3
6231353,316001251,2019-01-01T20:06:51,49.34768,-123.33611,19.2,37.2
6236796,316001251,2019-01-01T20:07:52,49.3519,-123.33133,18.7,35.4
6243592,316001251,2019-01-01T20:08:58,49.35649,-123.32611,18.6,37.5
6247978,316001251,2019-01-01T20:10:03,49.36097,-123.32103,18.5,35.9
6270566,316001251,2019-01-01T20:14:28,49.37815,-123.30159,14.1,37.0
6279450,316001251,2019-01-01T20:11:09,49.36552,-123.31588,18.4,36.3
6280207,316001251,2019-01-01T20:12:16,49.37013,-123.31069,18.4,35.6
6280954,316001251,2019-01-01T20:13:21,49.37456,-123.30572,16.5,36.6
6282503,316001251,2019-01-01T20:15:39,49.38198,-123.29717,14.8,36.8
6290480,316001251,2019-01-01T20:16:41,49.38507,-123.29244,15.7,57.9
6292277,316001251,2019-01-01T20:17:46,49.38635,-123.28557,14.3,86.4
6300276,316001251,2019-01-01T20:18:51,49.38653,-123.28012,10.4,87.0
6313553,316001251,2019-01-01T20:22:11,49.38014,-123.27091,8.8,180.3
6321266,316001251,2019-01-01T20:19:55,49.3859,-123.27539,10.9,120.0
6322669,316001251,2019-01-01T20:23:27,49.37762,-123.27117,5.3,184.8
6325312,316001251,2019-01-01T20:24:28,49.37676,-123.27139,2.2,189.3
6330569,316001251,2019-01-01T20:25:38,49.37633,-123.27149,0.7,182.4
6334281,316001251,2019-01-01T20:21:04,49.38327,-123.27165,11.5,155.1
6347048,316001251,2019-01-01T20:26:47,49.37623,-123.27149,0.1,123.4
6350062,316001251,2019-01-01T20:28:07,49.37622,-123.27148,0.0,82.0
6355868,316001251,2019-01-01T20:29:08,49.37622,-123.27147,0.0,29.1
6367163,316001251,2019-01-01T20:30:18,49.37622,-123.27147,0.0,117.2
6368580,316001251,2019-01-01T20:31:27,49.37622,-123.27147,0.0,61.5
6376958,316001251,2019-01-01T20:33:07,49.37622,-123.27148,0.0,174.9
6383260,316001251,2019-01-01T20:34:27,49.37622,-123.27148,0.0,155.5
6387063,316001251,2019-01-01T20:35:47,49.37622,-123.27147,0.0,50.7
6402013,316001251,2019-01-01T20:37:18,49.37622,-123.27147,0.0,159.6
6405741,316001251,2019-01-01T20:38:27,49.37622,-123.27147,0.0,24.6
6420204,316001251,2019-01-01T20:40:57,49.37622,-123.27147,0.0,84.6
6424072,316001251,2019-01-01T20:42:07,49.37621,-123.27147,0.0,24.6
6432540,316001251,2019-01-01T20:43:48,49.37622,-123.27147,0.0,226.1
6438800,316001251,2019-01-01T20:45:08,49.37622,-123.27146,0.0,311.0
6443714,316001251,2019-01-01T20:39:47,49.37622,-123.27147,0.0,134.3
6453421,316001251,2019-01-01T20:46:18,49.37622,-123.27146,0.0,351.4
6456853,316001251,2019-01-01T20:47:28,49.37622,-123.27146,0.0,56.7
6464688,316001251,2019-01-01T20:49:08,49.37622,-123.27146,0.0,144.3
6478647,316001251,2019-01-01T20:52:08,49.37622,-123.27146,0.0,292.8
6489062,316001251,2019-01-01T20:53:36,49.37622,-123.27147,0.0,20.5
6494597,316001251,2019-01-01T20:55:17,49.37622,-123.27147,0.0,49.6
6500631,316001251,2019-01-01T20:50:37,49.37622,-123.27146,0.0,317.1
6502256,316001251,2019-01-01T20:56:36,49.37622,-123.27147,0.0,306.5
6514819,316001251,2019-01-01T20:57:58,49.37622,-123.27147,0.0,71.0
6521204,316001251,2019-01-01T20:59:16,49.37621,-123.27147,0.0,44.2
6530953,316001251,2019-01-01T21:00:16,49.37621,-123.27147,0.0,186.9
6536360,316001251,2019-01-01T21:01:57,49.37622,-123.27147,0.0,306.0
6542553,316001251,2019-01-01T21:03:07,49.37622,-123.27147,0.0,148.6
6547938,316001251,2019-01-01T21:04:10,49.37699,-123.27142,0.0,19.5
6561804,316001251,2019-01-01T21:06:37,49.37711,-123.27152,2.2,2.5
6566696,316001251,2019-01-01T21:05:28,49.377,-123.27149,0.2,269.0
6572590,316001251,2019-01-01T21:08:08,49.38059,-123.27111,13.8,2.8
6577786,316001251,2019-01-01T21:09:11,49.38465,-123.273,15.6,318.0
6581032,316001251,2019-01-01T21:10:13,49.38648,-123.27952,17.2,274.2
6587411,316001251,2019-01-01T21:11:17,49.38569,-123.28762,19.2,252.3
6592289,316001251,2019-01-01T21:12:27,49.38289,-123.29629,19.7,236.1
6598401,316001251,2019-01-01T21:13:29,49.37916,-123.303,19.8,223.6
6601519,316001251,2019-01-01T21:14:39,49.37417,-123.30866,17.0,210.8
6610952,316001251,2019-01-01T21:15:53,49.37021,-123.31196,11.7,208.4
6615402,316001251,2019-01-01T21:17:03,49.36655,-123.31504,14.5,207.6
6627811,316001251,2019-01-01T21:18:06,49.36234,-123.31861,18.3,208.8
6632399,316001251,2019-01-01T21:19:18,49.35673,-123.32336,19.7,209.4
6638026,316001251,2019-01-01T21:20:27,49.35117,-123.32802,19.9,209.7
6644920,316001251,2019-01-01T21:21:29,49.34621,-123.33232,19.5,215.5
6651309,316001251,2019-01-01T21:22:39,49.34193,-123.33956,19.8,228.7
6656341,316001251,2019-01-01T21:23:41,49.33824,-123.34606,19.9,228.8
6661116,316001251,2019-01-01T21:24:51,49.3339,-123.35361,19.9,229.2
6670535,316001251,2019-01-01T21:25:53,49.33033,-123.36042,19.5,240.3
6671741,316001251,2019-01-01T21:27:00,49.32775,-123.36877,19.8,249.7
6676524,316001251,2019-01-01T21:28:03,49.32608,-123.37731,20.2,252.9
6688059,316001251,2019-01-01T21:29:05,49.32449,-123.38598,20.2,254.1
6698091,316001251,2019-01-01T21:31:18,49.32117,-123.40416,20.1,255.2
6704279,316001251,2019-01-01T21:32:27,49.31947,-123.41368,20.2,254.2
6705267,316001251,2019-01-01T21:30:15,49.32273,-123.39562,20.2,254.2
6709604,316001251,2019-01-01T21:33:29,49.31795,-123.42223,20.2,253.8
6717356,316001251,2019-01-01T21:34:39,49.31618,-123.43189,20.2,254.8
6737370,316001251,2019-01-01T21:35:41,49.31454,-123.44056,20.1,254.2
6738149,316001251,2019-01-01T21:36:51,49.31267,-123.45019,20.3,253.3
6738852,316001251,2019-01-01T21:37:54,49.31103,-123.4587,20.2,252.2
6744170,316001251,2019-01-01T21:39:04,49.30914,-123.46826,20.2,252.8
6747938,316001251,2019-01-01T21:40:05,49.30757,-123.47663,20.0,259.4
6753351,316001251,2019-01-01T21:41:15,49.3065,-123.48643,20.1,260.8
6760309,316001251,2019-01-01T21:42:17,49.30552,-123.49512,20.0,261.0
6764450,316001251,2019-01-01T21:43:29,49.30443,-123.50533,20.0,261.3
6771795,316001251,2019-01-01T21:44:39,49.3034,-123.51512,20.0,261.3
6773779,316001251,2019-01-01T21:45:42,49.30254,-123.52379,19.9,261.2
6781548,316001251,2019-01-01T21:46:51,49.30161,-123.53352,19.8,261.1
6795676,316001251,2019-01-01T21:47:53,49.30082,-123.5421,19.7,260.9
6798252,316001251,2019-01-01T21:49:05,49.29987,-123.55202,19.6,260.8
6804705,316001251,2019-01-01T21:50:15,49.29894,-123.56163,19.6,261.5
6811800,316001251,2019-01-01T21:51:16,49.29812,-123.56985,19.5,262.5
6820460,316001251,2019-01-01T21:52:17,49.29657,-123.57795,19.3,238.5
6822950,316001251,2019-01-01T21:53:27,49.29341,-123.5861,19.5,239.7
6828256,316001251,2019-01-01T21:54:29,49.29088,-123.59371,19.5,242.9
6835588,316001251,2019-01-01T21:55:40,49.28806,-123.60251,19.5,244.6
6840721,316001251,2019-01-01T21:56:51,49.28519,-123.61128,19.4,244.0
6845015,316001251,2019-01-01T21:57:54,49.28268,-123.61906,19.5,242.5
6850967,316001251,2019-01-01T21:59:04,49.27988,-123.6277,19.5,243.1
6862195,316001251,2019-01-01T22:00:27,49.27653,-123.63805,19.5,242.7
6866494,316001251,2019-01-01T22:01:29,49.27412,-123.64557,19.3,244.5
6874987,316001251,2019-01-01T22:02:40,49.2713,-123.65428,19.3,245.1
6879836,316001251,2019-01-01T22:03:42,49.26898,-123.66196,19.1,249.0
6881814,316001251,2019-01-01T22:05:53,49.26479,-123.67864,19.2,249.0
6886609,316001251,2019-01-01T22:04:51,49.26678,-123.67073,19.3,249.2
6896789,316001251,2019-01-01T22:07:03,49.26252,-123.6877,19.4,248.5
6901824,316001251,2019-01-01T22:08:05,49.26058,-123.6955,19.4,247.5
6905058,316001251,2019-01-01T22:09:16,49.25791,-123.70437,19.3,246.0
6915607,316001251,2019-01-01T22:10:17,49.25554,-123.71205,19.3,245.1
6923765,316001251,2019-01-01T22:11:27,49.25294,-123.72062,19.4,244.2
6925553,316001251,2019-01-01T22:12:30,49.25058,-123.72844,19.3,245.9
6932819,316001251,2019-01-01T22:13:39,49.24795,-123.73715,19.3,246.2
6938022,316001251,2019-01-01T22:14:42,49.24579,-123.74494,18.9,255.6
6944421,316001251,2019-01-01T22:16:03,49.24441,-123.75587,19.4,259.4
6946684,316001251,2019-01-01T22:17:05,49.24343,-123.76415,19.6,258.8
6962031,316001251,2019-01-01T22:19:39,49.24096,-123.7853,19.6,260.1
6966406,316001251,2019-01-01T22:18:18,49.24227,-123.77409,19.6,260.0
6974852,316001251,2019-01-01T22:20:51,49.23978,-123.79515,19.6,260.7
6978542,316001251,2019-01-01T22:22:03,49.23861,-123.80503,19.7,260.4
6983006,316001251,2019-01-01T22:23:15,49.23746,-123.81493,19.8,259.5
6993533,316001251,2019-01-01T22:24:30,49.23629,-123.82513,19.8,259.1
7000942,316001251,2019-01-01T22:25:53,49.23497,-123.83668,19.8,259.5
7004066,316001251,2019-01-01T22:27:03,49.23389,-123.84629,19.7,259.9
7008106,316001251,2019-01-01T22:28:05,49.23279,-123.85461,19.7,253.4
7014780,316001251,2019-01-01T22:29:17,49.23078,-123.86433,19.8,251.7
7026162,316001251,2019-01-01T22:30:28,49.22884,-123.87364,19.7,252.5
7031471,316001251,2019-01-01T22:31:29,49.22707,-123.88187,19.7,253.7
7036412,316001251,2019-01-01T22:32:39,49.22516,-123.89107,19.7,253.1
7041501,316001251,2019-01-01T22:33:42,49.22345,-123.89946,19.7,248.7
7052303,316001251,2019-01-01T22:35:52,49.21596,-123.91319,19.6,226.2
7057279,316001251,2019-01-01T22:36:53,49.2124,-123.91955,19.0,240.7
7063970,316001251,2019-01-01T22:38:03,49.21002,-123.92844,19.5,248.1
7071522,316001251,2019-01-01T22:39:53,49.20627,-123.94232,19.1,245.5
7077538,316001251,2019-01-01T22:34:45,49.22009,-123.90658,19.5,226.8
7085424,316001251,2019-01-01T22:41:29,49.2035,-123.95111,11.3,242.9
7097174,316001251,2019-01-01T22:43:54,49.19726,-123.95538,8.0,178.8
7101344,316001251,2019-01-01T22:45:00,49.19524,-123.95536,5.4,178.6
7106837,316001251,2019-01-01T22:42:33,49.20109,-123.95477,11.6,204.1
7108017,316001251,2019-01-01T22:46:22,49.19396,-123.95537,1.4,179.9
7119720,316001251,2019-01-01T22:48:21,49.1937,-123.95538,0.0,35.4
7123898,316001251,2019-01-01T22:49:32,49.1937,-123.95538,0.0,135.4
7131868,316001251,2019-01-01T22:50:42,49.1937,-123.95538,0.0,168.2
7144323,316001251,2019-01-01T22:52:21,49.1937,-123.95538,0.0,214.5
7153790,316001251,2019-01-01T22:54:11,49.1937,-123.95538,0.0,194.6
7161732,316001251,2019-01-01T22:55:40,49.1937,-123.95538,0.0,133.1
7177535,316001251,2019-01-01T22:58:41,49.19371,-123.95538,0.0,264.5
7185865,316001251,2019-01-01T23:00:41,49.19371,-123.95539,0.0,76.3
7192131,316001251,2019-01-01T22:56:41,49.1937,-123.95538,0.0,63.6
7200774,316001251,2019-01-01T23:02:42,49.19371,-123.95539,0.0,200.5
7212220,316001251,2019-01-01T23:04:42,49.19371,-123.95538,0.0,65.0
7218516,316001251,2019-01-01T23:06:00,49.19371,-123.95539,0.0,106.5
7225912,316001251,2019-01-01T23:07:10,49.19371,-123.95539,0.0,302.1
7231852,316001251,2019-01-01T23:08:32,49.19371,-123.95539,0.0,269.7
7239194,316001251,2019-01-01T23:09:42,49.19371,-123.95539,0.0,317.0
7243715,316001251,2019-01-01T23:10:52,49.19371,-123.95539,0.0,40.6
7247972,316001251,2019-01-01T23:12:01,49.19371,-123.95539,0.0,177.8
7260494,316001251,2019-01-01T23:13:40,49.1937,-123.95539,0.0,341.1
7266928,316001251,2019-01-01T23:14:41,49.1937,-123.95539,0.0,70.8
7273494,316001251,2019-01-01T23:16:10,49.1937,-123.95539,0.0,122.6
7281651,316001251,2019-01-01T23:17:32,49.1937,-123.95539,0.0,278.2
7294118,316001251,2019-01-01T23:20:28,49.19445,-123.95556,0.0,232.9
7295866,316001251,2019-01-01T23:21:42,49.19445,-123.95556,0.0,109.1
7307145,316001251,2019-01-01T23:18:50,49.1937,-123.95539,0.0,1.6
7312561,316001251,2019-01-01T23:23:11,49.19522,-123.95552,6.0,359.7
7317922,316001251,2019-01-01T23:24:17,49.19837,-123.95555,13.9,6.7
7323564,316001251,2019-01-01T23:25:21,49.20238,-123.95244,16.7,46.6
7331077,316001251,2019-01-01T23:27:15,49.20721,-123.93953,19.0,62.7
7339141,316001251,2019-01-01T23:28:21,49.21002,-123.93155,19.3,58.5
7343044,316001251,2019-01-01T23:29:27,49.2131,-123.92397,19.1,60.1
7350465,316001251,2019-01-01T23:30:33,49.2163,-123.9161,19.6,58.1
7356185,316001251,2019-01-01T23:31:39,49.21937,-123.90832,19.3,57.7
7367542,316001251,2019-01-01T23:32:40,49.22215,-123.90117,19.2,66.0
7371615,316001251,2019-01-01T23:34:09,49.22393,-123.88945,19.0,77.9
7376748,316001251,2019-01-01T23:35:27,49.22532,-123.87905,19.3,79.2
7381695,316001251,2019-01-01T23:36:33,49.22655,-123.87024,19.4,77.5
7386563,316001251,2019-01-01T23:37:35,49.22803,-123.86222,18.9,64.4
7393941,316001251,2019-01-01T23:38:39,49.23061,-123.8544,19.6,64.4
7396570,316001251,2019-01-01T23:39:52,49.23355,-123.84555,19.4,62.6
7402868,316001251,2019-01-01T23:40:57,49.2361,-123.83759,17.1,63.2
7408789,316001251,2019-01-01T23:42:03,49.23822,-123.83121,14.2,63.8
7416369,316001251,2019-01-01T23:43:04,49.23991,-123.82599,13.4,62.8
7425210,316001251,2019-01-01T23:44:09,49.24174,-123.82061,13.0,65.5
7431164,316001251,2019-01-01T23:45:15,49.24323,-123.81486,13.0,70.5
7439463,316001251,2019-01-01T23:46:27,49.24438,-123.80749,17.6,80.9
7441365,316001251,2019-01-01T23:47:33,49.24517,-123.79866,19.3,82.0
7446598,316001251,2019-01-01T23:48:40,49.24586,-123.78965,19.4,84.4
7450224,316001251,2019-01-01T23:49:45,49.24656,-123.78074,19.2,82.1
7454806,316001251,2019-01-01T23:50:58,49.24752,-123.77108,19.1,77.7
7474412,316001251,2019-01-01T23:53:27,49.25029,-123.75101,19.4,78.6
7479126,316001251,2019-01-01T23:52:09,49.24877,-123.76157,19.3,78.7
7480773,316001251,2019-01-01T23:54:39,49.25154,-123.74148,19.3,77.5
7485468,316001251,2019-01-01T23:55:45,49.25273,-123.73248,19.4,79.3
7492358,316001251,2019-01-01T23:56:51,49.25394,-123.7238,19.3,77.6
7495300,316001251,2019-01-01T23:57:57,49.25507,-123.71491,19.3,78.5
7504627,316001251,2019-01-01T23:59:03,49.25631,-123.7061,19.4,78.9
