,Unnamed: 0,MMSI,BaseDateTime,LAT,LON,SOG,COG
0,5369,316001251,2019-01-01 00:00:16,49.25976,-123.67184,18.7,78.1
1,11776,316001251,2019-01-01 00:01:22,49.26083,-123.6632,18.8,80.2
2,15693,316001251,2019-01-01 00:02:27,49.26195,-123.65461,18.8,78.2
3,23137,316001251,2019-01-01 00:03:40,49.26355,-123.64537,18.9,74.6
4,27834,316001251,2019-01-01 00:05:04,49.26551,-123.6344,18.8,73.3
5,35458,316001251,2019-01-01 00:06:09,49.26701,-123.626,18.9,75.3
6,41703,316001251,2019-01-01 00:07:16,49.26863,-123.61741,18.9,74.5
7,47768,316001251,2019-01-01 00:08:22,49.27013,-123.60886,18.9,73.7
8,49527,316001251,2019-01-01 00:09:23,49.27159,-123.60114,19.0,74.3
9,58199,316001251,2019-01-01 00:10:28,49.27321,-123.59279,19.0,73.2
10,60777,316001251,2019-01-01 00:11:34,49.27475,-123.58427,18.8,74.4
11,69462,316001251,2019-01-01 00:12:40,49.27641,-123.57568,18.9,74.8
12,75191,316001251,2019-01-01 00:13:46,49.2779,-123.56713,18.8,73.1
13,82651,316001251,2019-01-01 00:14:47,49.2793,-123.5594,18.9,76.3
14,85391,316001251,2019-01-01 00:15:57,49.28092,-123.55028,18.8,74.8
15,87772,316001251,2019-01-01 00:17:04,49.28238,-123.54176,18.8,74.3
16,92459,316001251,2019-01-01 00:18:10,49.28388,-123.53326,18.8,74.7
17,106739,316001251,2019-01-01 00:19:16,49.28545,-123.52484,18.7,74.3
18,110212,316001251,2019-01-01 00:20:22,49.28704,-123.51643,18.6,71.5
19,114118,316001251,2019-01-01 00:21:27,49.2887,-123.50803,18.9,74.7
20,114641,316001251,2019-01-01 00:22:35,49.29067,-123.49967,18.8,67.9
21,116672,316001251,2019-01-01 00:23:40,49.29265,-123.49152,18.9,70.2
22,127634,316001251,2019-01-01 00:24:46,49.29478,-123.48333,19.0,69.1
24,147764,316001251,2019-01-01 00:27:42,49.30078,-123.46186,18.5,52.8
23,138975,316001251,2019-01-01 00:29:46,49.3075,-123.44862,18.9,52.9
25,148237,316001251,2019-01-01 00:32:10,49.31498,-123.43307,19.0,62.1
26,153858,316001251,2019-01-01 00:33:44,49.31845,-123.4218,18.8,70.0
27,161746,316001251,2019-01-01 00:35:34,49.321,-123.40746,19.0,78.3
28,179280,316001251,2019-01-01 00:38:04,49.32362,-123.38773,18.9,78.4
31,200826,316001251,2019-01-01 00:42:10,49.32775,-123.35554,18.7,78.9
29,195139,316001251,2019-01-01 00:43:20,49.33028,-123.34783,17.6,40.9
30,198118,316001251,2019-01-01 00:44:34,49.33581,-123.34303,18.9,30.6
32,215082,316001251,2019-01-01 00:45:46,49.3412,-123.33797,18.9,30.9
33,220824,316001251,2019-01-01 00:46:47,49.34563,-123.33364,18.9,33.4
34,222181,316001251,2019-01-01 00:47:52,49.3505,-123.32894,18.9,32.8
35,233774,316001251,2019-01-01 00:48:58,49.35525,-123.32415,18.8,32.1
36,239198,316001251,2019-01-01 00:54:00,49.37723,-123.30164,19.2,41.6
37,247618,316001251,2019-01-01 00:57:06,49.38597,-123.28287,10.8,64.5
39,269956,316001251,2019-01-01 00:58:08,49.38638,-123.27782,12.7,101.5
41,279998,316001251,2019-01-01 00:59:12,49.38435,-123.27287,13.4,142.1
38,266975,316001251,2019-01-01 01:00:00,49.38156,-123.27102,13.6,165.6
40,272579,316001251,2019-01-01 01:01:10,49.37854,-123.27033,7.1,181.8
42,282906,316001251,2019-01-01 01:03:00,49.3766,-123.27083,1.4,197.3
43,318647,316001251,2019-01-01 01:09:00,49.37646,-123.2709,0.0,11.6
44,337156,316001251,2019-01-01 01:14:00,49.37647,-123.27089,0.0,128.8
45,355202,316001251,2019-01-01 01:15:21,49.37647,-123.27089,0.0,198.5
46,360867,316001251,2019-01-01 01:18:00,49.37647,-123.27089,0.0,280.3
47,372317,316001251,2019-01-01 01:19:21,49.37647,-123.27089,0.0,72.0
48,376830,316001251,2019-01-01 01:20:40,49.37647,-123.27089,0.0,165.2
49,384414,316001251,2019-01-01 01:21:59,49.37647,-123.27089,0.0,308.1
50,386742,316001251,2019-01-01 01:24:20,49.37647,-123.27088,0.0,165.1
51,403744,316001251,2019-01-01 01:26:40,49.37647,-123.27089,0.0,270.9
52,413488,316001251,2019-01-01 01:28:00,49.37647,-123.27089,0.0,227.3
53,418442,316001251,2019-01-01 01:29:06,49.37723,-123.27081,0.0,247.0
56,440978,316001251,2019-01-01 01:30:20,49.37723,-123.27081,0.0,127.7
54,427852,316001251,2019-01-01 01:31:30,49.37759,-123.27064,4.5,10.6
55,433233,316001251,2019-01-01 01:35:02,49.3916,-123.27496,18.0,341.0
57,440979,316001251,2019-01-01 01:37:02,49.40058,-123.27928,16.4,343.7
58,448713,316001251,2019-01-01 01:39:26,49.41099,-123.28387,16.1,344.2
59,465800,316001251,2019-01-01 01:41:44,49.42079,-123.28838,16.0,342.7
60,471558,316001251,2019-01-01 01:44:44,49.43218,-123.29736,15.8,293.9
61,477703,316001251,2019-01-01 01:46:06,49.43407,-123.30653,16.5,281.0
62,482914,316001251,2019-01-01 01:48:10,49.43308,-123.32072,16.5,250.4
63,488734,316001251,2019-01-01 01:49:50,49.43058,-123.33181,16.3,250.4
64,497042,316001251,2019-01-01 01:51:38,49.42791,-123.34356,16.2,251.5
65,506253,316001251,2019-01-01 01:53:44,49.42486,-123.35713,16.1,250.2
66,508109,316001251,2019-01-01 01:54:56,49.42418,-123.36526,16.1,269.4
68,539197,316001251,2019-01-01 01:58:14,49.42349,-123.38822,16.2,266.3
67,527439,316001251,2019-01-01 01:59:26,49.42308,-123.39652,16.2,266.3
69,541780,316001251,2019-01-01 02:00:02,49.42291,-123.40066,16.2,265.6
70,548058,316001251,2019-01-01 02:01:14,49.42251,-123.40884,16.2,266.5
71,556736,316001251,2019-01-01 02:02:44,49.42204,-123.41918,16.1,266.7
72,564553,316001251,2019-01-01 02:03:50,49.42182,-123.42686,16.1,267.8
73,568672,316001251,2019-01-01 02:05:08,49.42177,-123.43583,16.6,271.0
74,577567,316001251,2019-01-01 02:06:22,49.42254,-123.44468,17.6,296.1
76,592217,316001251,2019-01-01 02:07:24,49.42612,-123.45001,17.9,331.3
75,585943,316001251,2019-01-01 02:08:50,49.43231,-123.4552,14.2,329.4
77,594735,316001251,2019-01-01 02:10:02,49.43587,-123.45836,12.8,326.4
78,598988,316001251,2019-01-01 02:11:14,49.43771,-123.46369,11.9,270.8
80,624264,316001251,2019-01-01 02:12:26,49.43652,-123.46868,8.4,234.6
79,610419,316001251,2019-01-01 02:14:06,49.43436,-123.47159,3.1,206.7
82,631592,316001251,2019-01-01 02:15:15,49.43402,-123.47186,0.6,209.4
81,627258,316001251,2019-01-01 02:17:06,49.43399,-123.47189,0.0,249.6
83,640913,316001251,2019-01-01 02:18:16,49.43399,-123.47189,0.0,58.8
84,650751,316001251,2019-01-01 02:20:16,49.43398,-123.47189,0.0,84.4
85,652286,316001251,2019-01-01 02:22:36,49.43398,-123.47189,0.0,119.4
86,663023,316001251,2019-01-01 02:25:36,49.43398,-123.47189,0.0,196.7
87,674893,316001251,2019-01-01 02:26:46,49.43398,-123.47189,0.0,210.7
88,681407,316001251,2019-01-01 02:29:46,49.43398,-123.47189,0.0,33.3
89,699216,316001251,2019-01-01 02:31:06,49.43398,-123.47189,0.0,70.0
90,704172,316001251,2019-01-01 02:32:25,49.43398,-123.47189,0.0,269.8
91,709706,316001251,2019-01-01 02:33:37,49.43398,-123.47189,0.0,331.1
92,714952,316001251,2019-01-01 02:37:35,49.43398,-123.47189,0.0,357.6
93,720463,316001251,2019-01-01 02:39:35,49.43468,-123.47124,1.6,57.4
94,728347,316001251,2019-01-01 02:41:33,49.43693,-123.4651,13.3,95.0
95,731683,316001251,2019-01-01 02:42:54,49.43371,-123.45817,17.2,148.1
96,747588,316001251,2019-01-01 02:44:18,49.42759,-123.45249,18.4,139.3
97,753595,316001251,2019-01-01 02:46:02,49.4235,-123.44152,16.5,99.9
98,754156,316001251,2019-01-01 02:47:26,49.42324,-123.43175,15.9,90.4
99,769883,316001251,2019-01-01 02:51:44,49.42269,-123.40385,15.2,91.3
100,777350,316001251,2019-01-01 02:54:14,49.42227,-123.38748,15.4,92.3
101,789187,316001251,2019-01-01 02:57:14,49.42172,-123.36783,15.3,92.2
102,789719,316001251,2019-01-01 02:58:32,49.42248,-123.35964,15.1,77.2
103,806534,316001251,2019-01-01 02:59:44,49.42345,-123.35184,15.4,80.8
104,814819,316001251,2019-01-01 03:00:08,49.42374,-123.34936,15.3,78.8
107,832704,316001251,2019-01-01 03:01:14,49.4247,-123.3423,15.5,80.1
105,827883,316001251,2019-01-01 03:02:56,49.42603,-123.33122,15.3,79.2
106,831499,316001251,2019-01-01 03:04:20,49.42696,-123.32219,15.2,79.5
110,858816,316001251,2019-01-01 03:06:12,49.42801,-123.31026,15.3,92.6
108,848687,316001251,2019-01-01 03:07:14,49.42689,-123.30357,15.8,114.8
109,855580,316001251,2019-01-01 03:08:25,49.42446,-123.29662,15.3,119.6
111,863284,316001251,2019-01-01 03:09:30,49.42134,-123.2917,15.3,145.7
112,869564,316001251,2019-01-01 03:10:43,49.41699,-123.2871,15.5,145.0
117,909054,316001251,2019-01-01 03:12:37,49.41024,-123.28004,15.3,143.9
118,913645,316001251,2019-01-01 03:13:43,49.40608,-123.27704,15.1,162.3
113,888196,316001251,2019-01-01 03:15:16,49.39922,-123.2733,19.0,166.8
114,895541,316001251,2019-01-01 03:16:44,49.39172,-123.27151,15.5,176.0
115,901583,316001251,2019-01-01 03:17:50,49.38778,-123.27104,12.9,175.2
116,905726,316001251,2019-01-01 03:18:56,49.38357,-123.27053,14.2,175.3
119,917650,316001251,2019-01-01 03:20:14,49.37969,-123.27019,7.3,180.2
120,923681,316001251,2019-01-01 03:21:32,49.37763,-123.27051,3.5,191.7
121,931494,316001251,2019-01-01 03:22:56,49.37658,-123.27084,1.4,200.8
122,936040,316001251,2019-01-01 03:24:19,49.37645,-123.2709,0.0,320.0
123,941405,316001251,2019-01-01 03:25:20,49.37647,-123.27089,0.0,68.2
124,950631,316001251,2019-01-01 03:27:20,49.37647,-123.27089,0.0,218.7
125,957383,316001251,2019-01-01 03:28:41,49.37646,-123.27089,0.0,283.2
126,963981,316001251,2019-01-01 03:30:30,49.37647,-123.27089,0.0,72.5
127,979879,316001251,2019-01-01 03:31:41,49.37647,-123.27089,0.0,358.8
128,983477,316001251,2019-01-01 03:33:29,49.37647,-123.27089,0.0,239.1
129,989644,316001251,2019-01-01 03:35:01,49.37647,-123.27089,0.0,250.1
130,996882,316001251,2019-01-01 03:36:21,49.37647,-123.27089,0.0,312.4
131,1001842,316001251,2019-01-01 03:37:50,49.37647,-123.27089,0.0,307.7
132,1008364,316001251,2019-01-01 03:39:20,49.37647,-123.27089,0.0,247.7
133,1019538,316001251,2019-01-01 03:41:20,49.37647,-123.27089,0.0,249.0
134,1025471,316001251,2019-01-01 03:42:39,49.37647,-123.27089,0.0,317.5
135,1036420,316001251,2019-01-01 03:44:10,49.37647,-123.27089,0.0,37.9
139,1077000,316001251,2019-01-01 03:49:10,49.37646,-123.2709,0.0,69.7
136,1062338,316001251,2019-01-01 03:50:13,49.37723,-123.27081,0.0,160.8
137,1066668,316001251,2019-01-01 03:51:30,49.37723,-123.27081,0.0,127.1
138,1072343,316001251,2019-01-01 03:52:51,49.37804,-123.27057,6.6,11.2
140,1081404,316001251,2019-01-01 03:54:08,49.3823,-123.2702,15.8,354.2
141,1090911,316001251,2019-01-01 03:55:15,49.38745,-123.27223,18.1,341.3
142,1095765,316001251,2019-01-01 03:56:26,49.39301,-123.27519,17.0,340.5
143,1099995,316001251,2019-01-01 03:57:37,49.39814,-123.27808,16.2,340.4
144,1104950,316001251,2019-01-01 03:58:56,49.40366,-123.28122,16.0,339.2
145,1117748,316001251,2019-01-01 04:00:26,49.40985,-123.2848,15.8,339.1
146,1124634,316001251,2019-01-01 04:01:32,49.41437,-123.28739,15.9,338.2
147,1127518,316001251,2019-01-01 04:02:37,49.41886,-123.29001,15.8,338.2
148,1133325,316001251,2019-01-01 04:03:55,49.4235,-123.29506,15.7,315.6
149,1138935,316001251,2019-01-01 04:05:08,49.42632,-123.30215,16.2,297.8
150,1150339,316001251,2019-01-01 04:06:11,49.42722,-123.3089,16.0,264.0
151,1155068,316001251,2019-01-01 04:07:14,49.42643,-123.31625,16.5,263.0
152,1160766,316001251,2019-01-01 04:08:26,49.42563,-123.32461,16.5,260.9
153,1166862,316001251,2019-01-01 04:09:44,49.42478,-123.33354,16.2,260.8
154,1172798,316001251,2019-01-01 04:10:56,49.42403,-123.34171,16.1,262.0
155,1178784,316001251,2019-01-01 04:12:38,49.42296,-123.35328,16.2,261.4
156,1184677,316001251,2019-01-01 04:13:56,49.42216,-123.36215,16.1,262.1
157,1189556,316001251,2019-01-01 04:15:08,49.42165,-123.37031,15.9,269.7
158,1197974,316001251,2019-01-01 04:16:14,49.42153,-123.37786,16.1,268.1
159,1206738,316001251,2019-01-01 04:17:56,49.4213,-123.38952,16.1,267.6
160,1211107,316001251,2019-01-01 04:19:14,49.42108,-123.39843,16.0,267.2
161,1218923,316001251,2019-01-01 04:20:50,49.4208,-123.40938,16.1,267.6
162,1230842,316001251,2019-01-01 04:21:56,49.42067,-123.41691,16.1,268.1
163,1230901,316001251,2019-01-01 04:24:02,49.42137,-123.43108,16.0,276.2
164,1237358,316001251,2019-01-01 04:25:43,49.42234,-123.44278,17.0,284.5
165,1240824,316001251,2019-01-01 04:26:52,49.42547,-123.44957,17.9,322.6
166,1251897,316001251,2019-01-01 04:28:20,49.43165,-123.45542,13.9,328.9
167,1263244,316001251,2019-01-01 04:30:24,49.43722,-123.46171,11.3,293.0
170,1275601,316001251,2019-01-01 04:31:36,49.43688,-123.46703,9.0,244.3
168,1273156,316001251,2019-01-01 04:33:15,49.43501,-123.47098,4.9,219.0
169,1275516,316001251,2019-01-01 04:34:16,49.43415,-123.47176,1.1,201.2
171,1283734,316001251,2019-01-01 04:36:36,49.43398,-123.47189,0.0,187.4
172,1287929,316001251,2019-01-01 04:38:06,49.43398,-123.47189,0.0,241.1
173,1307435,316001251,2019-01-01 04:42:26,49.43398,-123.47189,0.0,19.6
174,1329814,316001251,2019-01-01 04:44:26,49.43398,-123.47189,0.0,126.8
175,1332303,316001251,2019-01-01 04:48:45,49.43398,-123.47189,0.0,196.6
176,1341779,316001251,2019-01-01 04:51:25,49.43398,-123.47189,0.0,120.0
177,1349409,316001251,2019-01-01 04:53:14,49.43475,-123.47175,0.0,280.4
178,1360478,316001251,2019-01-01 04:56:39,49.43733,-123.46734,12.1,74.6
179,1375974,316001251,2019-01-01 04:57:50,49.43612,-123.46095,15.2,133.5
180,1379852,316001251,2019-01-01 04:59:32,49.42898,-123.45433,18.6,149.4
181,1390439,316001251,2019-01-01 05:00:02,49.4268,-123.45227,18.2,147.7
182,1395867,316001251,2019-01-01 05:01:04,49.42318,-123.44741,16.1,122.3
183,1397314,316001251,2019-01-01 05:02:06,49.42216,-123.44077,15.4,88.8
184,1404480,316001251,2019-01-01 05:03:08,49.42238,-123.43397,15.6,88.7
185,1412107,316001251,2019-01-01 05:04:14,49.42243,-123.42673,14.8,89.1
186,1417431,316001251,2019-01-01 05:05:20,49.42258,-123.41988,14.6,88.9
187,1423043,316001251,2019-01-01 05:06:44,49.42259,-123.41113,14.7,88.3
188,1431627,316001251,2019-01-01 05:07:50,49.42266,-123.40429,14.9,90.8
190,1446366,316001251,2019-01-01 05:08:56,49.42264,-123.39721,14.8,89.2
189,1443325,316001251,2019-01-01 05:10:01,49.42267,-123.39034,14.9,91.1
191,1448103,316001251,2019-01-01 05:11:07,49.42263,-123.38335,14.9,88.7
192,1452341,316001251,2019-01-01 05:12:50,49.42268,-123.37243,14.8,89.8
193,1457705,316001251,2019-01-01 05:14:08,49.42347,-123.36459,14.6,78.0
194,1466729,316001251,2019-01-01 05:15:14,49.42428,-123.35777,14.9,79.7
195,1472163,316001251,2019-01-01 05:16:26,49.42528,-123.3502,14.9,79.1
196,1477879,316001251,2019-01-01 05:17:38,49.42612,-123.34274,14.9,79.1
197,1482126,316001251,2019-01-01 05:18:55,49.42714,-123.33468,14.8,80.7
198,1492480,316001251,2019-01-01 05:19:56,49.42782,-123.32848,14.6,78.8
199,1493686,316001251,2019-01-01 05:21:55,49.42921,-123.31609,14.7,79.7
200,1499456,316001251,2019-01-01 05:22:58,49.42964,-123.30968,14.5,96.7
201,1503380,316001251,2019-01-01 05:24:06,49.42774,-123.3033,15.2,125.2
202,1515774,316001251,2019-01-01 05:27:08,49.41916,-123.28865,14.9,139.3
203,1527729,316001251,2019-01-01 05:29:56,49.40971,-123.27846,14.7,145.9
204,1531739,316001251,2019-01-01 05:31:18,49.40445,-123.27493,17.4,167.2
205,1531923,316001251,2019-01-01 05:32:32,49.39813,-123.27306,19.5,168.5
206,1555474,316001251,2019-01-01 05:36:38,49.38074,-123.27097,9.9,179.8
207,1561435,316001251,2019-01-01 05:38:08,49.37791,-123.27121,5.0,185.8
208,1567275,316001251,2019-01-01 05:39:38,49.37651,-123.27144,1.5,184.1
209,1583452,316001251,2019-01-01 05:40:41,49.3764,-123.27143,0.4,180.5
210,1588531,316001251,2019-01-01 05:41:50,49.37637,-123.27144,0.0,319.1
211,1595041,316001251,2019-01-01 05:43:41,49.37622,-123.27148,0.0,333.7
212,1604282,316001251,2019-01-01 05:47:30,49.37622,-123.27147,0.0,52.3
213,1620571,316001251,2019-01-01 05:49:51,49.37622,-123.27147,0.0,109.4
214,1631721,316001251,2019-01-01 05:52:20,49.37622,-123.27147,0.0,262.1
216,1638515,316001251,2019-01-01 05:53:40,49.37622,-123.27147,0.0,179.6
215,1637428,316001251,2019-01-01 05:55:01,49.37622,-123.27147,0.0,119.6
219,1657283,316001251,2019-01-01 05:56:19,49.37622,-123.27147,0.0,330.1
217,1647176,316001251,2019-01-01 05:58:10,49.37622,-123.27147,0.0,112.1
218,1650207,316001251,2019-01-01 05:59:19,49.37622,-123.27147,0.0,297.2
220,1661685,316001251,2019-01-01 06:00:19,49.37622,-123.27147,0.0,328.2
221,1667251,316001251,2019-01-01 06:01:29,49.37622,-123.27147,0.0,212.1
222,1674016,316001251,2019-01-01 06:03:20,49.37622,-123.27147,0.0,244.5
225,1699693,316001251,2019-01-01 06:04:29,49.37622,-123.27147,0.0,5.9
223,1685078,316001251,2019-01-01 06:05:39,49.37622,-123.27147,0.0,188.1
224,1697146,316001251,2019-01-01 06:07:39,49.37622,-123.27147,0.0,136.9
226,1704316,316001251,2019-01-01 06:09:03,49.37698,-123.27142,0.0,79.6
227,1712535,316001251,2019-01-01 06:10:30,49.37699,-123.27145,0.1,269.2
228,1722566,316001251,2019-01-01 06:11:50,49.37722,-123.27146,3.4,4.2
229,1728493,316001251,2019-01-01 06:13:11,49.38074,-123.27092,14.5,0.8
230,1733639,316001251,2019-01-01 06:14:14,49.38533,-123.27268,18.1,329.6
231,1738776,316001251,2019-01-01 06:15:16,49.38893,-123.27864,19.2,298.4
236,1770791,316001251,2019-01-01 06:16:18,49.38993,-123.28679,19.2,261.5
232,1748945,316001251,2019-01-01 06:17:20,49.38755,-123.29454,19.6,233.1
233,1756622,316001251,2019-01-01 06:18:44,49.38222,-123.30252,19.0,219.7
234,1760629,316001251,2019-01-01 06:19:46,49.37785,-123.30759,18.8,212.5
235,1765938,316001251,2019-01-01 06:20:56,49.37266,-123.31221,18.8,209.1
237,1780875,316001251,2019-01-01 06:21:57,49.3679,-123.31612,18.7,208.9
240,1794611,316001251,2019-01-01 06:23:08,49.36256,-123.3206,18.7,208.0
238,1788987,316001251,2019-01-01 06:24:10,49.35784,-123.32455,18.7,208.2
239,1792840,316001251,2019-01-01 06:25:20,49.35245,-123.32907,18.7,208.1
241,1798824,316001251,2019-01-01 06:26:32,49.347,-123.33366,18.6,209.3
242,1804511,316001251,2019-01-01 06:27:34,49.34239,-123.33754,18.6,209.0
243,1809620,316001251,2019-01-01 06:28:44,49.33703,-123.34212,18.7,207.5
244,1814651,316001251,2019-01-01 06:29:46,49.33291,-123.34697,18.1,232.8
245,1819628,316001251,2019-01-01 06:30:48,49.33093,-123.35439,19.0,254.6
246,1825353,316001251,2019-01-01 06:31:56,49.32931,-123.36327,19.5,254.5
247,1836984,316001251,2019-01-01 06:32:58,49.32771,-123.37141,19.2,254.0
248,1841363,316001251,2019-01-01 06:34:08,49.32591,-123.38059,18.7,255.7
249,1846823,316001251,2019-01-01 06:35:09,49.32456,-123.38841,18.5,254.2
250,1851799,316001251,2019-01-01 06:36:10,49.32324,-123.39602,18.6,255.4
251,1857540,316001251,2019-01-01 06:37:20,49.32169,-123.40509,18.6,255.9
256,1885598,316001251,2019-01-01 06:38:32,49.32014,-123.41439,18.8,256.9
252,1868608,316001251,2019-01-01 06:39:34,49.31884,-123.42225,18.7,256.5
253,1873119,316001251,2019-01-01 06:40:43,49.31736,-123.43123,18.6,255.6
254,1878096,316001251,2019-01-01 06:41:46,49.31602,-123.43932,18.8,254.8
255,1883179,316001251,2019-01-01 06:42:57,49.3145,-123.44835,18.9,254.9
257,1894807,316001251,2019-01-01 06:43:58,49.31317,-123.45636,18.8,255.3
258,1901520,316001251,2019-01-01 06:45:10,49.31166,-123.46567,18.7,256.4
259,1907075,316001251,2019-01-01 06:46:19,49.31021,-123.47458,18.8,257.0
260,1914490,316001251,2019-01-01 06:47:23,49.30894,-123.48275,18.9,257.3
261,1918896,316001251,2019-01-01 06:48:32,49.30767,-123.49176,18.9,257.9
262,1922052,316001251,2019-01-01 06:49:34,49.30654,-123.49985,18.7,257.2
263,1930117,316001251,2019-01-01 06:50:44,49.30525,-123.50885,18.5,256.5
264,1930710,316001251,2019-01-01 06:51:45,49.30405,-123.51678,18.5,256.9
265,1938335,316001251,2019-01-01 06:52:55,49.30264,-123.52573,18.5,257.3
266,1948120,316001251,2019-01-01 06:53:58,49.30137,-123.53368,18.7,257.0
267,1953784,316001251,2019-01-01 06:55:08,49.29996,-123.5427,18.7,256.7
268,1960420,316001251,2019-01-01 06:56:10,49.2987,-123.5507,18.8,255.6
269,1963887,316001251,2019-01-01 06:57:32,49.29705,-123.5613,18.8,255.7
270,1970955,316001251,2019-01-01 06:58:44,49.2956,-123.5706,18.7,256.0
271,1975412,316001251,2019-01-01 06:59:45,49.29426,-123.57856,18.6,257.1
272,1979025,316001251,2019-01-01 07:00:08,49.29379,-123.58151,18.7,255.4
273,1985007,316001251,2019-01-01 07:01:10,49.29245,-123.58934,18.6,256.5
274,2001052,316001251,2019-01-01 07:02:19,49.29092,-123.59831,18.6,256.0
275,2001877,316001251,2019-01-01 07:03:32,49.28937,-123.60754,18.7,255.6
276,2006112,316001251,2019-01-01 07:04:33,49.28804,-123.6155,18.7,255.4
277,2010158,316001251,2019-01-01 07:05:34,49.28677,-123.6232,18.7,255.4
278,2016887,316001251,2019-01-01 07:06:44,49.28487,-123.63215,18.6,252.5
279,2022019,316001251,2019-01-01 07:07:46,49.28343,-123.63989,18.7,253.7
280,2027358,316001251,2019-01-01 07:08:56,49.28178,-123.64883,18.7,254.6
282,2034311,316001251,2019-01-01 07:09:57,49.28028,-123.65674,18.7,254.6
281,2033602,316001251,2019-01-01 07:11:08,49.27862,-123.6658,18.7,254.2
285,2057706,316001251,2019-01-01 07:12:20,49.27694,-123.67499,18.8,254.0
283,2050277,316001251,2019-01-01 07:13:22,49.27552,-123.68293,18.8,254.0
284,2050744,316001251,2019-01-01 07:14:34,49.27385,-123.69213,18.7,254.4
286,2064940,316001251,2019-01-01 07:15:44,49.27224,-123.70096,18.7,255.1
287,2073981,316001251,2019-01-01 07:16:56,49.27051,-123.71028,18.7,254.6
288,2076021,316001251,2019-01-01 07:17:58,49.26909,-123.71821,18.8,253.6
289,2083202,316001251,2019-01-01 07:19:08,49.26735,-123.72698,18.8,250.9
293,2105035,316001251,2019-01-01 07:20:19,49.26538,-123.73604,18.7,251.0
291,2097757,316001251,2019-01-01 07:21:22,49.26363,-123.74391,18.6,252.0
290,2092186,316001251,2019-01-01 07:22:32,49.26171,-123.75255,18.7,251.8
292,2100527,316001251,2019-01-01 07:23:33,49.26,-123.76033,18.7,251.2
294,2113446,316001251,2019-01-01 07:24:44,49.25804,-123.76924,18.6,251.4
295,2120321,316001251,2019-01-01 07:25:47,49.25619,-123.77696,18.7,248.8
296,2123603,316001251,2019-01-01 07:26:56,49.25413,-123.78554,18.8,248.4
297,2129522,316001251,2019-01-01 07:27:58,49.25223,-123.79322,18.7,249.6
298,2135552,316001251,2019-01-01 07:29:20,49.2497,-123.8035,18.7,249.8
299,2140758,316001251,2019-01-01 07:30:22,49.24777,-123.81116,18.7,249.9
300,2146057,316001251,2019-01-01 07:31:32,49.24559,-123.81983,18.8,248.8
301,2151099,316001251,2019-01-01 07:32:34,49.24366,-123.82752,18.9,248.3
302,2157081,316001251,2019-01-01 07:33:44,49.24146,-123.83619,18.7,249.2
303,2162185,316001251,2019-01-01 07:34:46,49.23942,-123.8438,18.8,245.9
304,2168525,316001251,2019-01-01 07:35:56,49.2371,-123.85221,18.7,246.8
305,2177036,316001251,2019-01-01 07:36:58,49.23475,-123.85962,18.7,244.4
306,2184013,316001251,2019-01-01 07:38:08,49.23211,-123.86808,18.6,245.7
307,2190545,316001251,2019-01-01 07:39:10,49.23005,-123.87563,18.7,247.1
308,2194344,316001251,2019-01-01 07:40:32,49.22718,-123.88556,18.6,246.5
309,2198243,316001251,2019-01-01 07:41:34,49.22489,-123.89282,18.7,239.6
311,2207745,316001251,2019-01-01 07:42:44,49.22143,-123.90065,18.7,236.1
310,2207139,316001251,2019-01-01 07:43:46,49.21846,-123.90733,18.7,235.4
312,2215717,316001251,2019-01-01 07:44:56,49.21493,-123.91499,18.6,233.9
313,2220775,316001251,2019-01-01 07:46:20,49.21095,-123.92403,18.4,237.2
314,2234828,316001251,2019-01-01 07:47:44,49.20808,-123.93413,18.9,248.0
315,2239876,316001251,2019-01-01 07:48:55,49.20569,-123.94313,18.7,248.3
316,2243204,316001251,2019-01-01 07:49:56,49.20412,-123.94901,11.0,245.7
317,2248857,316001251,2019-01-01 07:50:58,49.20211,-123.95306,12.3,215.9
318,2252366,316001251,2019-01-01 07:52:00,49.19891,-123.95467,9.8,188.7
319,2261529,316001251,2019-01-01 07:53:22,49.19609,-123.95529,6.3,183.7
320,2265767,316001251,2019-01-01 07:54:32,49.19438,-123.95536,3.8,180.1
321,2276592,316001251,2019-01-01 07:56:33,49.19371,-123.95537,0.2,269.0
322,2298623,316001251,2019-01-01 08:00:02,49.1937,-123.95538,0.0,295.2
323,2420032,316001251,2019-01-01 08:23:22,49.19371,-123.95538,0.0,194.5
324,2564211,316001251,2019-01-01 08:50:22,49.19371,-123.95538,0.0,267.4
325,2726673,316001251,2019-01-01 09:17:23,49.1937,-123.95538,0.0,73.9
326,2888063,316001251,2019-01-01 09:50:21,49.1937,-123.95537,0.0,36.7
327,2941531,316001251,2019-01-01 10:02:22,49.1937,-123.95537,0.0,173.3
328,2991459,316001251,2019-01-01 10:11:22,49.19371,-123.95538,0.0,100.1
329,3012251,316001251,2019-01-01 10:14:22,49.19371,-123.95537,0.0,69.7
330,3089611,316001251,2019-01-01 10:29:22,49.1937,-123.95538,0.0,18.8
331,3116890,316001251,2019-01-01 10:35:23,49.19371,-123.95538,0.0,335.8
332,3150845,316001251,2019-01-01 10:41:23,49.19371,-123.95538,0.0,286.9
333,3262611,316001251,2019-01-01 11:02:22,49.19371,-123.95539,0.0,302.2
334,3292854,316001251,2019-01-01 11:08:23,49.19371,-123.95539,0.0,6.7
335,3339401,316001251,2019-01-01 11:17:23,49.1937,-123.95538,0.0,241.3
336,3400996,316001251,2019-01-01 11:29:22,49.1937,-123.95538,0.0,231.9
337,3416026,316001251,2019-01-01 11:32:22,49.19371,-123.95538,0.0,20.7
338,3436566,316001251,2019-01-01 11:35:23,49.1937,-123.95538,0.0,215.1
339,3467894,316001251,2019-01-01 11:41:22,49.1937,-123.95538,0.0,281.8
340,3547543,316001251,2019-01-01 11:56:22,49.19371,-123.95538,0.0,325.0
341,3560922,316001251,2019-01-01 11:59:22,49.1937,-123.95538,0.0,359.4
342,3579857,316001251,2019-01-01 12:02:22,49.1937,-123.95538,0.0,154.9
343,3663982,316001251,2019-01-01 12:17:22,49.1937,-123.95538,0.0,191.4
344,3836026,316001251,2019-01-01 12:50:21,49.1937,-123.95538,0.0,144.8
345,3848602,316001251,2019-01-01 12:53:22,49.1937,-123.95538,0.0,330.1
346,3914794,316001251,2019-01-01 13:05:22,49.19371,-123.95538,0.0,192.4
347,4025730,316001251,2019-01-01 13:26:13,49.19446,-123.95557,0.0,312.6
348,4031549,316001251,2019-01-01 13:27:22,49.19445,-123.95557,0.0,279.6
349,4039003,316001251,2019-01-01 13:28:33,49.19446,-123.95557,0.0,77.7
350,4044378,316001251,2019-01-01 13:29:43,49.19446,-123.95556,0.0,188.3
351,4047031,316001251,2019-01-01 13:30:50,49.1937,-123.95538,0.0,136.4
352,4060319,316001251,2019-01-01 13:31:53,49.1937,-123.95538,0.0,246.2
353,4067461,316001251,2019-01-01 13:33:22,49.1937,-123.95538,0.0,345.2
354,4072739,316001251,2019-01-01 13:34:33,49.1937,-123.95538,0.0,13.3
355,4080130,316001251,2019-01-01 13:35:43,49.1937,-123.95538,0.0,70.9
356,4087077,316001251,2019-01-01 13:37:03,49.1937,-123.95538,0.0,355.3
357,4095208,316001251,2019-01-01 13:38:33,49.19371,-123.95538,0.0,37.8
358,4097679,316001251,2019-01-01 13:39:44,49.19371,-123.95538,0.0,59.9
359,4102919,316001251,2019-01-01 13:41:14,49.19371,-123.95538,0.0,24.8
360,4120496,316001251,2019-01-01 13:42:44,49.19371,-123.95538,0.0,308.5
361,4124955,316001251,2019-01-01 13:44:02,49.19371,-123.95538,0.0,31.0
365,4150584,316001251,2019-01-01 13:45:24,49.19371,-123.95538,0.0,316.5
362,4138521,316001251,2019-01-01 13:46:44,49.19371,-123.95538,0.0,300.1
363,4145036,316001251,2019-01-01 13:48:33,49.1937,-123.95538,0.0,74.7
364,4150241,316001251,2019-01-01 13:49:44,49.1937,-123.95538,0.0,280.3
366,4157031,316001251,2019-01-01 13:50:54,49.1937,-123.95538,0.0,46.1
367,4166315,316001251,2019-01-01 13:52:03,49.19371,-123.95538,0.0,324.4
368,4173256,316001251,2019-01-01 13:53:13,49.19371,-123.95538,0.0,335.2
369,4181738,316001251,2019-01-01 13:54:33,49.19371,-123.95538,0.0,346.2
370,4188216,316001251,2019-01-01 13:55:53,49.19371,-123.95538,0.0,313.0
373,4224435,316001251,2019-01-01 13:57:34,49.19371,-123.95538,0.0,202.0
371,4205929,316001251,2019-01-01 13:59:13,49.1937,-123.95537,0.0,225.5
374,4226585,316001251,2019-01-01 14:00:13,49.1937,-123.95537,0.0,0.7
372,4217714,316001251,2019-01-01 14:01:54,49.1937,-123.95537,0.0,13.6
375,4235644,316001251,2019-01-01 14:03:54,49.1937,-123.95537,0.0,322.0
380,4275166,316001251,2019-01-01 14:05:54,49.1937,-123.95537,0.0,305.6
376,4251557,316001251,2019-01-01 14:07:13,49.1937,-123.95537,0.0,259.5
377,4258438,316001251,2019-01-01 14:08:54,49.1937,-123.95537,0.0,15.7
378,4265155,316001251,2019-01-01 14:10:13,49.1937,-123.95537,0.0,126.2
379,4273606,316001251,2019-01-01 14:11:53,49.19371,-123.95537,0.0,102.5
381,4285015,316001251,2019-01-01 14:13:13,49.19371,-123.95537,0.0,6.0
382,4295912,316001251,2019-01-01 14:14:27,49.19445,-123.95556,0.0,36.9
383,4298398,316001251,2019-01-01 14:15:33,49.19445,-123.95555,0.1,106.8
384,4303401,316001251,2019-01-01 14:16:43,49.19447,-123.95552,0.9,6.1
385,4311555,316001251,2019-01-01 14:18:33,49.19812,-123.95538,13.3,6.8
386,4317631,316001251,2019-01-01 14:19:35,49.20187,-123.95248,16.0,46.4
387,4322299,316001251,2019-01-01 14:20:37,49.20447,-123.94603,17.9,62.5
388,4327182,316001251,2019-01-01 14:21:43,49.20704,-123.93859,18.7,63.3
389,4341654,316001251,2019-01-01 14:23:07,49.21075,-123.92859,19.2,57.5
390,4345335,316001251,2019-01-01 14:24:19,49.21397,-123.92025,19.6,58.2
391,4350897,316001251,2019-01-01 14:25:26,49.21717,-123.91239,19.5,59.7
392,4358745,316001251,2019-01-01 14:27:01,49.22161,-123.90128,19.4,59.1
393,4364142,316001251,2019-01-01 14:28:07,49.22458,-123.89344,19.3,63.6
394,4370736,316001251,2019-01-01 14:29:13,49.22639,-123.8849,19.2,73.1
395,4374497,316001251,2019-01-01 14:30:19,49.2281,-123.87628,19.3,74.4
396,4380016,316001251,2019-01-01 14:31:25,49.2298,-123.86748,19.3,72.4
397,4386358,316001251,2019-01-01 14:32:31,49.23144,-123.85889,19.4,74.4
398,4399838,316001251,2019-01-01 14:33:37,49.23315,-123.85022,19.5,73.7
399,4402976,316001251,2019-01-01 14:34:43,49.23478,-123.84134,19.4,73.2
400,4408342,316001251,2019-01-01 14:35:55,49.23627,-123.83184,19.3,77.3
401,4416795,316001251,2019-01-01 14:37:07,49.23777,-123.82223,19.5,77.8
402,4418640,316001251,2019-01-01 14:38:13,49.23909,-123.81337,19.4,76.1
403,4423993,316001251,2019-01-01 14:39:25,49.24054,-123.80357,19.4,77.0
404,4432469,316001251,2019-01-01 14:40:37,49.24205,-123.79409,19.5,77.6
405,4438622,316001251,2019-01-01 14:41:43,49.24341,-123.78515,19.3,75.7
406,4444212,316001251,2019-01-01 14:42:49,49.24472,-123.77631,19.4,77.6
407,4450127,316001251,2019-01-01 14:44:01,49.24626,-123.7667,19.5,77.0
408,4459040,316001251,2019-01-01 14:45:07,49.24754,-123.75796,19.3,75.6
410,4471324,316001251,2019-01-01 14:46:13,49.24896,-123.74901,19.5,77.3
409,4470534,316001251,2019-01-01 14:47:31,49.25059,-123.73872,19.4,76.8
411,4474362,316001251,2019-01-01 14:48:37,49.25196,-123.72989,19.4,75.4
412,4484146,316001251,2019-01-01 14:49:43,49.25333,-123.72104,19.5,77.4
413,4489932,316001251,2019-01-01 14:50:49,49.25479,-123.71212,19.4,75.4
417,4511150,316001251,2019-01-01 14:51:50,49.25603,-123.70408,19.4,77.3
414,4499999,316001251,2019-01-01 14:52:55,49.25744,-123.69542,19.5,75.9
415,4507057,316001251,2019-01-01 14:54:02,49.25881,-123.68641,19.3,75.7
416,4510899,316001251,2019-01-01 14:55:07,49.26024,-123.6776,19.5,77.7
418,4519331,316001251,2019-01-01 14:56:13,49.26162,-123.66878,19.3,75.6
419,4525167,316001251,2019-01-01 14:57:19,49.26294,-123.65992,19.4,76.8
420,4530051,316001251,2019-01-01 14:58:25,49.26434,-123.65127,19.5,77.0
421,4536766,316001251,2019-01-01 14:59:31,49.26572,-123.64231,19.3,75.4
422,4541415,316001251,2019-01-01 15:00:13,49.26658,-123.63682,19.5,77.8
423,4548453,316001251,2019-01-01 15:01:19,49.26798,-123.62785,19.4,75.7
424,4550411,316001251,2019-01-01 15:02:25,49.2693,-123.61914,19.2,75.1
426,4562495,316001251,2019-01-01 15:03:38,49.27127,-123.60961,19.5,73.6
425,4559463,316001251,2019-01-01 15:04:43,49.27295,-123.60101,19.4,72.1
427,4573706,316001251,2019-01-01 15:05:49,49.27472,-123.59234,19.6,73.6
428,4580959,316001251,2019-01-01 15:06:55,49.27644,-123.58365,19.3,72.0
429,4584946,316001251,2019-01-01 15:08:07,49.27834,-123.57403,19.4,73.6
430,4590602,316001251,2019-01-01 15:09:13,49.28016,-123.56541,19.4,72.2
431,4595462,316001251,2019-01-01 15:10:19,49.28187,-123.55685,19.3,71.3
432,4599288,316001251,2019-01-01 15:11:25,49.28374,-123.54813,19.4,73.0
433,4611520,316001251,2019-01-01 15:12:31,49.28556,-123.53969,19.3,71.1
434,4612706,316001251,2019-01-01 15:13:37,49.28738,-123.53095,19.3,70.8
435,4618222,316001251,2019-01-01 15:14:43,49.28925,-123.52254,19.3,73.1
436,4634576,316001251,2019-01-01 15:15:49,49.29112,-123.51399,19.3,70.9
439,4649621,316001251,2019-01-01 15:17:01,49.29309,-123.50458,19.3,71.2
437,4637409,316001251,2019-01-01 15:18:07,49.29492,-123.49581,19.4,73.1
438,4646953,316001251,2019-01-01 15:19:13,49.29669,-123.48731,19.3,71.9
440,4652586,316001251,2019-01-01 15:20:25,49.29857,-123.47783,19.4,73.3
441,4658781,316001251,2019-01-01 15:21:31,49.30036,-123.46904,19.4,73.1
442,4663427,316001251,2019-01-01 15:22:37,49.30187,-123.46039,19.4,74.8
444,4683016,316001251,2019-01-01 15:23:43,49.3035,-123.45168,19.4,75.1
443,4673006,316001251,2019-01-01 15:24:49,49.30505,-123.44294,19.3,73.7
445,4684485,316001251,2019-01-01 15:25:55,49.30674,-123.43411,19.5,74.3
446,4690284,316001251,2019-01-01 15:27:01,49.30831,-123.42551,19.3,72.8
447,4695378,316001251,2019-01-01 15:28:07,49.31006,-123.41674,19.4,74.2
451,4720681,316001251,2019-01-01 15:29:08,49.31164,-123.40885,19.5,72.7
448,4705592,316001251,2019-01-01 15:30:13,49.31332,-123.40027,19.4,73.2
449,4708467,316001251,2019-01-01 15:31:25,49.31526,-123.39082,19.5,72.8
450,4716432,316001251,2019-01-01 15:32:31,49.31695,-123.38191,19.5,72.8
452,4722912,316001251,2019-01-01 15:33:37,49.31868,-123.37319,19.5,74.4
453,4725184,316001251,2019-01-01 15:34:38,49.3203,-123.36518,19.1,67.3
454,4732748,316001251,2019-01-01 15:35:43,49.32406,-123.35895,19.0,31.8
455,4743615,316001251,2019-01-01 15:36:49,49.32915,-123.35414,19.7,33.2
456,4751092,316001251,2019-01-01 15:37:55,49.33398,-123.34895,19.4,35.8
457,4753165,316001251,2019-01-01 15:39:01,49.33884,-123.34372,19.4,36.4
458,4759399,316001251,2019-01-01 15:40:13,49.34406,-123.33788,19.4,35.4
459,4767748,316001251,2019-01-01 15:41:19,49.34884,-123.33244,19.4,37.2
460,4768704,316001251,2019-01-01 15:42:20,49.35324,-123.32745,19.4,36.3
461,4774454,316001251,2019-01-01 15:43:25,49.35795,-123.32214,19.3,34.2
462,4784063,316001251,2019-01-01 15:44:31,49.36292,-123.31693,19.4,34.9
463,4790110,316001251,2019-01-01 15:45:37,49.36779,-123.31178,19.3,34.3
464,4793027,316001251,2019-01-01 15:46:43,49.37258,-123.30671,19.3,34.6
465,4801903,316001251,2019-01-01 15:47:49,49.37746,-123.30157,19.1,34.2
466,4808631,316001251,2019-01-01 15:48:55,49.38222,-123.2966,18.7,34.2
467,4813384,316001251,2019-01-01 15:49:57,49.38651,-123.29152,18.4,49.6
468,4820065,316001251,2019-01-01 15:50:59,49.3881,-123.28462,14.7,87.2
469,4824197,316001251,2019-01-01 15:52:07,49.38806,-123.27867,12.0,90.9
473,4852935,316001251,2019-01-01 15:53:13,49.38685,-123.27329,12.0,134.6
470,4835676,316001251,2019-01-01 15:54:19,49.38345,-123.27149,13.0,174.3
471,4841588,316001251,2019-01-01 15:55:33,49.37986,-123.27124,8.4,179.3
472,4850572,316001251,2019-01-01 15:57:13,49.37711,-123.27137,3.8,183.8
474,4862114,316001251,2019-01-01 15:58:44,49.37631,-123.27145,0.7,189.9
475,4874056,316001251,2019-01-01 16:00:44,49.37622,-123.27148,0.0,19.7
476,4883982,316001251,2019-01-01 16:02:03,49.37622,-123.27148,0.0,295.4
477,4887264,316001251,2019-01-01 16:03:13,49.37622,-123.27148,0.0,183.4
478,4894987,316001251,2019-01-01 16:05:23,49.37622,-123.27147,0.0,85.0
479,4905868,316001251,2019-01-01 16:06:44,49.37621,-123.27147,0.0,147.8
480,4918341,316001251,2019-01-01 16:08:44,49.37621,-123.27147,0.0,218.7
481,4927291,316001251,2019-01-01 16:10:43,49.37621,-123.27146,0.0,188.3
482,4936250,316001251,2019-01-01 16:11:44,49.37621,-123.27146,0.0,149.0
483,4943242,316001251,2019-01-01 16:13:02,49.37621,-123.27146,0.0,316.8
484,4951873,316001251,2019-01-01 16:14:43,49.3762,-123.27145,0.0,139.4
486,4968381,316001251,2019-01-01 16:15:44,49.3762,-123.27146,0.0,353.4
485,4964711,316001251,2019-01-01 16:17:23,49.3762,-123.27145,0.0,222.9
487,4974235,316001251,2019-01-01 16:18:24,49.3762,-123.27146,0.0,144.0
488,4979224,316001251,2019-01-01 16:19:44,49.3762,-123.27146,0.0,237.6
489,4984774,316001251,2019-01-01 16:21:04,49.3762,-123.27146,0.0,100.9
494,5023171,316001251,2019-01-01 16:22:44,49.3762,-123.27146,0.0,30.5
490,5000766,316001251,2019-01-01 16:23:54,49.3762,-123.27146,0.0,30.2
491,5006003,316001251,2019-01-01 16:25:04,49.3762,-123.27146,0.0,273.7
492,5013069,316001251,2019-01-01 16:26:10,49.37699,-123.27142,0.0,176.6
493,5018207,316001251,2019-01-01 16:27:23,49.37699,-123.27143,0.0,285.5
495,5028385,316001251,2019-01-01 16:28:34,49.37808,-123.27128,6.8,5.1
496,5034115,316001251,2019-01-01 16:29:49,49.38211,-123.27103,14.4,351.5
499,5056059,316001251,2019-01-01 16:30:53,49.38582,-123.27482,16.6,306.7
497,5044736,316001251,2019-01-01 16:31:55,49.3874,-123.28178,17.7,272.7
503,5076877,316001251,2019-01-01 16:32:57,49.38607,-123.28942,18.2,238.1
498,5054528,316001251,2019-01-01 16:33:59,49.38223,-123.29511,19.3,217.8
504,5081508,316001251,2019-01-01 16:35:01,49.37777,-123.30025,19.5,216.7
500,5065128,316001251,2019-01-01 16:36:02,49.37334,-123.30508,19.6,215.5
501,5070999,316001251,2019-01-01 16:37:07,49.36854,-123.31029,19.6,214.5
502,5076825,316001251,2019-01-01 16:38:19,49.36323,-123.31606,19.5,214.3
505,5091730,316001251,2019-01-01 16:39:25,49.35838,-123.32137,19.4,215.5
506,5092832,316001251,2019-01-01 16:40:31,49.35349,-123.32673,19.4,216.2
507,5098273,316001251,2019-01-01 16:41:43,49.34831,-123.33241,19.4,216.5
508,5104226,316001251,2019-01-01 16:42:49,49.34349,-123.33774,19.5,215.6
509,5110082,316001251,2019-01-01 16:43:55,49.3386,-123.34321,19.5,215.6
510,5115700,316001251,2019-01-01 16:45:02,49.3338,-123.34859,19.5,216.5
511,5121742,316001251,2019-01-01 16:46:03,49.32937,-123.35377,19.1,225.3
512,5126954,316001251,2019-01-01 16:47:05,49.32699,-123.36117,19.3,256.7
514,5133432,316001251,2019-01-01 16:48:14,49.32556,-123.3705,19.9,256.8
513,5133005,316001251,2019-01-01 16:49:19,49.32409,-123.37949,19.6,256.2
515,5148202,316001251,2019-01-01 16:50:25,49.32269,-123.38824,19.5,255.6
517,5162196,316001251,2019-01-01 16:51:37,49.32115,-123.39805,19.5,256.1
516,5158804,316001251,2019-01-01 16:52:43,49.31979,-123.40694,19.5,257.5
518,5163891,316001251,2019-01-01 16:53:49,49.31831,-123.41576,19.5,257.2
519,5171290,316001251,2019-01-01 16:54:55,49.31694,-123.42467,19.5,257.0
522,5195682,316001251,2019-01-01 16:56:01,49.31558,-123.43356,19.5,256.2
523,5196395,316001251,2019-01-01 16:57:07,49.31423,-123.4423,19.5,255.9
520,5185938,316001251,2019-01-01 16:58:13,49.31282,-123.45131,19.5,256.7
521,5191167,316001251,2019-01-01 16:59:14,49.31151,-123.45935,19.4,256.8
524,5201530,316001251,2019-01-01 17:00:01,49.31046,-123.46576,19.4,255.2
525,5203755,316001251,2019-01-01 17:01:02,49.30916,-123.47378,19.5,255.9
526,5211930,316001251,2019-01-01 17:02:07,49.30773,-123.4825,19.5,256.7
527,5217425,316001251,2019-01-01 17:03:13,49.30627,-123.49149,19.4,257.1
528,5223357,316001251,2019-01-01 17:04:19,49.30488,-123.50035,19.5,257.2
529,5228276,316001251,2019-01-01 17:05:25,49.30356,-123.50908,19.5,257.0
530,5236457,316001251,2019-01-01 17:06:37,49.30211,-123.51874,19.4,256.5
531,5238920,316001251,2019-01-01 17:07:43,49.30083,-123.52773,19.4,256.9
532,5248264,316001251,2019-01-01 17:08:49,49.29955,-123.53659,19.4,258.5
533,5248799,316001251,2019-01-01 17:09:55,49.29827,-123.54533,19.4,257.8
535,5268811,316001251,2019-01-01 17:11:07,49.29683,-123.55512,19.4,257.4
534,5268229,316001251,2019-01-01 17:12:13,49.29556,-123.56386,19.5,256.5
536,5272660,316001251,2019-01-01 17:13:19,49.29417,-123.57284,19.4,256.0
537,5277715,316001251,2019-01-01 17:14:31,49.29265,-123.58232,19.4,255.5
539,5286489,316001251,2019-01-01 17:15:37,49.29125,-123.59113,19.5,255.3
538,5286196,316001251,2019-01-01 17:16:43,49.28985,-123.59994,19.4,256.3
540,5295973,316001251,2019-01-01 17:17:55,49.2883,-123.60969,19.4,256.8
541,5304809,316001251,2019-01-01 17:19:07,49.2868,-123.6192,19.4,257.1
542,5309218,316001251,2019-01-01 17:20:13,49.28539,-123.62819,19.4,257.6
543,5322179,316001251,2019-01-01 17:21:20,49.28401,-123.63705,19.5,256.7
544,5329483,316001251,2019-01-01 17:22:25,49.2824,-123.64566,19.6,251.5
545,5330977,316001251,2019-01-01 17:23:31,49.2805,-123.65441,19.5,250.8
546,5336095,316001251,2019-01-01 17:24:37,49.27867,-123.66293,19.6,250.7
547,5341915,316001251,2019-01-01 17:25:43,49.27679,-123.67159,19.5,250.9
548,5346932,316001251,2019-01-01 17:26:49,49.2749,-123.68026,19.6,251.7
549,5351182,316001251,2019-01-01 17:27:55,49.27283,-123.68896,19.3,252.0
550,5368046,316001251,2019-01-01 17:29:07,49.27082,-123.69826,19.5,251.3
551,5369207,316001251,2019-01-01 17:30:19,49.26875,-123.70783,19.5,250.7
552,5375495,316001251,2019-01-01 17:31:26,49.26686,-123.71647,19.6,250.6
553,5381483,316001251,2019-01-01 17:32:31,49.26499,-123.72512,19.5,251.2
554,5386490,316001251,2019-01-01 17:33:37,49.26311,-123.73363,19.5,251.5
555,5389958,316001251,2019-01-01 17:34:43,49.26118,-123.74227,19.4,251.9
556,5393806,316001251,2019-01-01 17:35:55,49.25906,-123.7518,19.5,251.4
557,5405111,316001251,2019-01-01 17:37:01,49.25714,-123.76041,19.5,251.6
559,5411118,316001251,2019-01-01 17:38:02,49.25541,-123.76825,19.5,251.0
558,5410390,316001251,2019-01-01 17:39:07,49.25354,-123.77671,19.3,250.8
560,5425852,316001251,2019-01-01 17:40:13,49.2516,-123.78543,19.4,252.0
561,5429881,316001251,2019-01-01 17:41:37,49.24921,-123.79627,19.5,250.9
562,5433910,316001251,2019-01-01 17:42:44,49.2473,-123.80506,19.6,251.0
563,5440177,316001251,2019-01-01 17:43:49,49.24544,-123.8136,19.6,251.7
564,5448211,316001251,2019-01-01 17:44:55,49.24352,-123.82239,19.4,252.2
565,5454383,316001251,2019-01-01 17:46:13,49.24114,-123.83251,19.6,247.5
569,5480724,316001251,2019-01-01 17:47:19,49.23888,-123.84094,19.5,248.5
566,5462736,316001251,2019-01-01 17:48:25,49.23667,-123.84923,19.4,247.5
567,5470768,316001251,2019-01-01 17:49:43,49.23387,-123.85919,19.2,248.9
568,5474330,316001251,2019-01-01 17:50:49,49.23171,-123.8675,19.5,249.0
570,5486276,316001251,2019-01-01 17:52:07,49.22907,-123.87763,19.4,248.4
571,5498330,316001251,2019-01-01 17:53:31,49.22628,-123.88826,19.4,248.5
572,5501985,316001251,2019-01-01 17:54:55,49.22312,-123.89891,19.5,240.3
573,5508016,316001251,2019-01-01 17:56:02,49.2198,-123.90643,19.3,233.2
574,5516248,316001251,2019-01-01 17:57:37,49.21465,-123.91677,19.4,232.3
575,5520309,316001251,2019-01-01 17:58:43,49.21131,-123.92431,19.0,243.5
576,5526329,316001251,2019-01-01 18:00:14,49.20797,-123.93522,18.9,244.8
577,5540548,316001251,2019-01-01 18:01:19,49.2058,-123.94291,15.2,247.2
578,5545722,316001251,2019-01-01 18:02:31,49.20431,-123.94851,10.8,247.9
582,5573024,316001251,2019-01-01 18:03:39,49.20231,-123.9531,11.7,220.9
579,5557196,316001251,2019-01-01 18:04:43,49.19928,-123.95503,10.1,187.8
580,5560989,316001251,2019-01-01 18:05:46,49.19689,-123.95528,6.5,182.1
581,5569787,316001251,2019-01-01 18:07:46,49.1944,-123.95539,2.5,177.6
583,5577375,316001251,2019-01-01 18:08:58,49.19385,-123.95538,0.7,179.5
584,5583199,316001251,2019-01-01 18:10:06,49.1937,-123.95538,0.0,219.8
585,5588208,316001251,2019-01-01 18:11:37,49.1937,-123.95538,0.0,315.2
586,5601131,316001251,2019-01-01 18:12:46,49.1937,-123.95538,0.0,113.2
587,5608409,316001251,2019-01-01 18:14:06,49.1937,-123.95538,0.0,359.7
588,5614520,316001251,2019-01-01 18:15:18,49.1937,-123.95538,0.0,170.6
589,5620329,316001251,2019-01-01 18:16:27,49.1937,-123.95538,0.0,246.2
590,5624715,316001251,2019-01-01 18:17:38,49.1937,-123.95538,0.0,96.1
593,5652329,316001251,2019-01-01 18:18:46,49.1937,-123.95538,0.0,12.4
591,5638923,316001251,2019-01-01 18:20:07,49.1937,-123.95538,0.0,210.3
592,5645771,316001251,2019-01-01 18:21:27,49.1937,-123.95538,0.0,319.6
594,5654893,316001251,2019-01-01 18:22:38,49.1937,-123.95538,0.0,73.0
595,5663648,316001251,2019-01-01 18:24:07,49.1937,-123.95538,0.0,328.7
596,5668936,316001251,2019-01-01 18:25:27,49.1937,-123.95538,0.0,263.2
597,5678896,316001251,2019-01-01 18:26:47,49.1937,-123.95538,0.0,57.1
598,5682725,316001251,2019-01-01 18:28:07,49.1937,-123.95538,0.0,291.4
601,5703837,316001251,2019-01-01 18:29:28,49.1937,-123.95538,0.0,191.8
599,5700852,316001251,2019-01-01 18:30:46,49.1937,-123.95538,0.0,273.3
600,5703753,316001251,2019-01-01 18:31:58,49.1937,-123.95538,0.0,109.2
602,5713656,316001251,2019-01-01 18:33:17,49.1937,-123.95538,0.0,260.2
603,5720013,316001251,2019-01-01 18:34:36,49.1937,-123.95538,0.0,223.1
604,5724978,316001251,2019-01-01 18:35:46,49.1937,-123.95538,0.0,140.2
608,5755637,316001251,2019-01-01 18:36:56,49.1937,-123.95538,0.0,86.1
610,5764789,316001251,2019-01-01 18:38:18,49.1937,-123.95538,0.0,289.4
605,5745785,316001251,2019-01-01 18:39:45,49.19446,-123.95556,0.0,247.6
606,5751193,316001251,2019-01-01 18:40:46,49.19445,-123.95556,0.0,75.0
607,5754292,316001251,2019-01-01 18:41:57,49.19446,-123.95549,0.1,74.3
609,5761989,316001251,2019-01-01 18:42:58,49.19458,-123.95545,2.5,5.5
611,5778658,316001251,2019-01-01 18:44:57,49.1994,-123.95487,14.1,15.9
612,5784106,316001251,2019-01-01 18:46:03,49.20292,-123.95061,16.1,58.8
613,5789068,316001251,2019-01-01 18:47:21,49.20582,-123.94202,18.6,63.0
614,5795575,316001251,2019-01-01 18:48:27,49.20849,-123.93415,19.2,60.2
615,5802505,316001251,2019-01-01 18:49:33,49.21153,-123.92642,19.3,60.3
618,5824188,316001251,2019-01-01 18:50:57,49.2154,-123.91656,19.6,58.0
616,5810576,316001251,2019-01-01 18:52:04,49.21847,-123.90856,19.4,59.1
617,5816284,316001251,2019-01-01 18:53:09,49.22153,-123.90092,19.5,59.5
619,5829157,316001251,2019-01-01 18:54:11,49.22391,-123.89313,19.1,76.1
620,5833395,316001251,2019-01-01 18:55:22,49.22513,-123.88381,19.2,77.7
621,5842855,316001251,2019-01-01 18:56:27,49.22627,-123.87505,19.5,78.5
622,5846473,316001251,2019-01-01 18:57:33,49.2275,-123.86619,19.4,78.8
623,5848890,316001251,2019-01-01 18:58:39,49.22871,-123.85732,19.4,76.6
624,5857921,316001251,2019-01-01 18:59:45,49.22995,-123.84833,19.4,78.4
625,5860894,316001251,2019-01-01 19:00:03,49.23028,-123.84606,19.3,77.1
626,5865738,316001251,2019-01-01 19:01:04,49.23144,-123.83786,19.5,78.9
627,5868922,316001251,2019-01-01 19:02:09,49.2327,-123.82912,19.5,77.0
628,5876566,316001251,2019-01-01 19:03:27,49.23414,-123.81859,19.4,76.9
629,5886300,316001251,2019-01-01 19:04:33,49.23542,-123.80971,19.5,78.9
630,5891106,316001251,2019-01-01 19:05:34,49.23659,-123.80151,19.4,76.8
635,5920080,316001251,2019-01-01 19:06:39,49.23779,-123.79273,19.4,77.8
632,5906725,316001251,2019-01-01 19:08:09,49.23955,-123.78048,19.5,78.3
631,5906697,316001251,2019-01-01 19:09:10,49.24074,-123.77244,19.4,77.1
633,5915896,316001251,2019-01-01 19:10:15,49.24196,-123.76353,19.4,77.1
634,5918917,316001251,2019-01-01 19:11:16,49.2432,-123.75546,19.6,78.3
636,5925646,316001251,2019-01-01 19:12:33,49.24472,-123.74508,19.6,76.8
637,5930920,316001251,2019-01-01 19:13:45,49.24609,-123.73523,19.4,77.0
638,5943430,316001251,2019-01-01 19:14:51,49.24742,-123.72652,19.5,78.6
639,5951120,316001251,2019-01-01 19:15:57,49.24874,-123.71754,19.4,76.3
640,5956981,316001251,2019-01-01 19:17:09,49.25008,-123.70798,19.4,77.5
641,5961149,316001251,2019-01-01 19:18:15,49.25144,-123.69901,19.5,78.4
642,5964663,316001251,2019-01-01 19:19:27,49.25287,-123.68948,19.4,76.3
643,5970785,316001251,2019-01-01 19:20:33,49.25414,-123.6806,19.3,76.7
644,5980962,316001251,2019-01-01 19:21:45,49.2559,-123.67107,19.6,75.2
645,5987671,316001251,2019-01-01 19:22:52,49.25751,-123.66213,19.4,73.2
646,5991524,316001251,2019-01-01 19:23:57,49.25905,-123.65349,19.4,75.4
647,6002919,316001251,2019-01-01 19:25:16,49.26099,-123.64308,19.4,74.6
648,6007045,316001251,2019-01-01 19:26:33,49.26281,-123.63286,19.3,73.5
650,6028192,316001251,2019-01-01 19:27:39,49.26438,-123.62394,19.4,75.4
649,6017699,316001251,2019-01-01 19:28:40,49.26584,-123.61599,19.4,74.9
654,6045312,316001251,2019-01-01 19:29:45,49.26729,-123.60732,19.4,75.0
651,6029889,316001251,2019-01-01 19:30:57,49.26918,-123.59791,19.4,71.1
652,6036048,316001251,2019-01-01 19:32:03,49.27093,-123.58921,19.4,72.9
653,6043513,316001251,2019-01-01 19:33:15,49.27291,-123.5798,19.4,73.6
655,6048741,316001251,2019-01-01 19:34:21,49.27468,-123.57113,19.4,72.2
656,6062506,316001251,2019-01-01 19:35:27,49.27643,-123.56247,19.3,72.2
657,6064330,316001251,2019-01-01 19:36:39,49.27836,-123.55302,19.4,72.2
658,6070786,316001251,2019-01-01 19:37:52,49.28039,-123.54348,19.4,72.8
659,6080210,316001251,2019-01-01 19:39:03,49.28242,-123.53425,19.4,72.3
660,6080529,316001251,2019-01-01 19:40:10,49.28428,-123.52553,19.3,70.6
661,6088858,316001251,2019-01-01 19:41:15,49.28606,-123.51704,19.4,72.1
662,6095411,316001251,2019-01-01 19:42:28,49.28811,-123.50752,19.5,73.2
663,6096258,316001251,2019-01-01 19:43:33,49.28986,-123.49899,19.4,72.0
664,6101414,316001251,2019-01-01 19:44:39,49.29161,-123.49032,19.4,71.8
665,6114386,316001251,2019-01-01 19:45:45,49.29331,-123.48166,19.2,73.2
666,6119855,316001251,2019-01-01 19:46:51,49.29509,-123.47291,19.4,74.3
667,6127069,316001251,2019-01-01 19:47:58,49.2967,-123.46423,19.3,73.2
668,6129678,316001251,2019-01-01 19:49:09,49.29844,-123.45485,19.4,74.4
669,6137340,316001251,2019-01-01 19:50:28,49.30049,-123.44449,19.3,70.9
670,6144541,316001251,2019-01-01 19:51:39,49.30279,-123.43522,19.6,70.0
671,6148820,316001251,2019-01-01 19:52:45,49.30489,-123.42685,19.4,67.0
672,6155094,316001251,2019-01-01 19:53:51,49.30711,-123.4183,19.4,68.5
673,6168125,316001251,2019-01-01 19:54:58,49.30937,-123.40995,19.3,66.4
674,6171385,316001251,2019-01-01 19:56:03,49.31159,-123.40155,19.3,67.5
675,6175901,316001251,2019-01-01 19:57:04,49.31367,-123.39393,19.5,68.4
676,6182868,316001251,2019-01-01 19:58:09,49.3159,-123.38551,19.4,67.3
677,6188023,316001251,2019-01-01 19:59:22,49.3183,-123.37628,19.4,67.5
678,6196151,316001251,2019-01-01 20:00:10,49.31995,-123.37014,19.5,68.6
679,6199983,316001251,2019-01-01 20:01:13,49.32278,-123.36278,18.7,42.2
680,6206969,316001251,2019-01-01 20:02:16,49.3274,-123.35818,19.6,32.1
681,6210173,316001251,2019-01-01 20:03:22,49.33235,-123.35299,19.5,35.9
682,6215737,316001251,2019-01-01 20:04:39,49.33803,-123.34691,19.5,36.4
683,6227324,316001251,2019-01-01 20:05:45,49.34291,-123.34143,19.4,35.3
684,6231353,316001251,2019-01-01 20:06:51,49.34768,-123.33611,19.2,37.2
685,6236796,316001251,2019-01-01 20:07:52,49.3519,-123.33133,18.7,35.4
686,6243592,316001251,2019-01-01 20:08:58,49.35649,-123.32611,18.6,37.5
687,6247978,316001251,2019-01-01 20:10:03,49.36097,-123.32103,18.5,35.9
689,6279450,316001251,2019-01-01 20:11:09,49.36552,-123.31588,18.4,36.3
690,6280207,316001251,2019-01-01 20:12:16,49.37013,-123.31069,18.4,35.6
691,6280954,316001251,2019-01-01 20:13:21,49.37456,-123.30572,16.5,36.6
688,6270566,316001251,2019-01-01 20:14:28,49.37815,-123.30159,14.1,37.0
692,6282503,316001251,2019-01-01 20:15:39,49.38198,-123.29717,14.8,36.8
693,6290480,316001251,2019-01-01 20:16:41,49.38507,-123.29244,15.7,57.9
694,6292277,316001251,2019-01-01 20:17:46,49.38635,-123.28557,14.3,86.4
695,6300276,316001251,2019-01-01 20:18:51,49.38653,-123.28012,10.4,87.0
697,6321266,316001251,2019-01-01 20:19:55,49.3859,-123.27539,10.9,120.0
701,6334281,316001251,2019-01-01 20:21:04,49.38327,-123.27165,11.5,155.1
696,6313553,316001251,2019-01-01 20:22:11,49.38014,-123.27091,8.8,180.3
698,6322669,316001251,2019-01-01 20:23:27,49.37762,-123.27117,5.3,184.8
699,6325312,316001251,2019-01-01 20:24:28,49.37676,-123.27139,2.2,189.3
700,6330569,316001251,2019-01-01 20:25:38,49.37633,-123.27149,0.7,182.4
702,6347048,316001251,2019-01-01 20:26:47,49.37623,-123.27149,0.1,123.4
703,6350062,316001251,2019-01-01 20:28:07,49.37622,-123.27148,0.0,82.0
704,6355868,316001251,2019-01-01 20:29:08,49.37622,-123.27147,0.0,29.1
705,6367163,316001251,2019-01-01 20:30:18,49.37622,-123.27147,0.0,117.2
706,6368580,316001251,2019-01-01 20:31:27,49.37622,-123.27147,0.0,61.5
707,6376958,316001251,2019-01-01 20:33:07,49.37622,-123.27148,0.0,174.9
708,6383260,316001251,2019-01-01 20:34:27,49.37622,-123.27148,0.0,155.5
709,6387063,316001251,2019-01-01 20:35:47,49.37622,-123.27147,0.0,50.7
710,6402013,316001251,2019-01-01 20:37:18,49.37622,-123.27147,0.0,159.6
711,6405741,316001251,2019-01-01 20:38:27,49.37622,-123.27147,0.0,24.6
716,6443714,316001251,2019-01-01 20:39:47,49.37622,-123.27147,0.0,134.3
712,6420204,316001251,2019-01-01 20:40:57,49.37622,-123.27147,0.0,84.6
713,6424072,316001251,2019-01-01 20:42:07,49.37621,-123.27147,0.0,24.6
714,6432540,316001251,2019-01-01 20:43:48,49.37622,-123.27147,0.0,226.1
715,6438800,316001251,2019-01-01 20:45:08,49.37622,-123.27146,0.0,311.0
717,6453421,316001251,2019-01-01 20:46:18,49.37622,-123.27146,0.0,351.4
718,6456853,316001251,2019-01-01 20:47:28,49.37622,-123.27146,0.0,56.7
719,6464688,316001251,2019-01-01 20:49:08,49.37622,-123.27146,0.0,144.3
723,6500631,316001251,2019-01-01 20:50:37,49.37622,-123.27146,0.0,317.1
720,6478647,316001251,2019-01-01 20:52:08,49.37622,-123.27146,0.0,292.8
721,6489062,316001251,2019-01-01 20:53:36,49.37622,-123.27147,0.0,20.5
722,6494597,316001251,2019-01-01 20:55:17,49.37622,-123.27147,0.0,49.6
724,6502256,316001251,2019-01-01 20:56:36,49.37622,-123.27147,0.0,306.5
725,6514819,316001251,2019-01-01 20:57:58,49.37622,-123.27147,0.0,71.0
726,6521204,316001251,2019-01-01 20:59:16,49.37621,-123.27147,0.0,44.2
727,6530953,316001251,2019-01-01 21:00:16,49.37621,-123.27147,0.0,186.9
728,6536360,316001251,2019-01-01 21:01:57,49.37622,-123.27147,0.0,306.0
729,6542553,316001251,2019-01-01 21:03:07,49.37622,-123.27147,0.0,148.6
730,6547938,316001251,2019-01-01 21:04:10,49.37699,-123.27142,0.0,19.5
732,6566696,316001251,2019-01-01 21:05:28,49.377,-123.27149,0.2,269.0
731,6561804,316001251,2019-01-01 21:06:37,49.37711,-123.27152,2.2,2.5
733,6572590,316001251,2019-01-01 21:08:08,49.38059,-123.27111,13.8,2.8
734,6577786,316001251,2019-01-01 21:09:11,49.38465,-123.273,15.6,318.0
735,6581032,316001251,2019-01-01 21:10:13,49.38648,-123.27952,17.2,274.2
736,6587411,316001251,2019-01-01 21:11:17,49.38569,-123.28762,19.2,252.3
737,6592289,316001251,2019-01-01 21:12:27,49.38289,-123.29629,19.7,236.1
738,6598401,316001251,2019-01-01 21:13:29,49.37916,-123.303,19.8,223.6
739,6601519,316001251,2019-01-01 21:14:39,49.37417,-123.30866,17.0,210.8
740,6610952,316001251,2019-01-01 21:15:53,49.37021,-123.31196,11.7,208.4
741,6615402,316001251,2019-01-01 21:17:03,49.36655,-123.31504,14.5,207.6
742,6627811,316001251,2019-01-01 21:18:06,49.36234,-123.31861,18.3,208.8
743,6632399,316001251,2019-01-01 21:19:18,49.35673,-123.32336,19.7,209.4
744,6638026,316001251,2019-01-01 21:20:27,49.35117,-123.32802,19.9,209.7
745,6644920,316001251,2019-01-01 21:21:29,49.34621,-123.33232,19.5,215.5
746,6651309,316001251,2019-01-01 21:22:39,49.34193,-123.33956,19.8,228.7
747,6656341,316001251,2019-01-01 21:23:41,49.33824,-123.34606,19.9,228.8
748,6661116,316001251,2019-01-01 21:24:51,49.3339,-123.35361,19.9,229.2
749,6670535,316001251,2019-01-01 21:25:53,49.33033,-123.36042,19.5,240.3
750,6671741,316001251,2019-01-01 21:27:00,49.32775,-123.36877,19.8,249.7
751,6676524,316001251,2019-01-01 21:28:03,49.32608,-123.37731,20.2,252.9
752,6688059,316001251,2019-01-01 21:29:05,49.32449,-123.38598,20.2,254.1
755,6705267,316001251,2019-01-01 21:30:15,49.32273,-123.39562,20.2,254.2
753,6698091,316001251,2019-01-01 21:31:18,49.32117,-123.40416,20.1,255.2
754,6704279,316001251,2019-01-01 21:32:27,49.31947,-123.41368,20.2,254.2
756,6709604,316001251,2019-01-01 21:33:29,49.31795,-123.42223,20.2,253.8
757,6717356,316001251,2019-01-01 21:34:39,49.31618,-123.43189,20.2,254.8
758,6737370,316001251,2019-01-01 21:35:41,49.31454,-123.44056,20.1,254.2
759,6738149,316001251,2019-01-01 21:36:51,49.31267,-123.45019,20.3,253.3
760,6738852,316001251,2019-01-01 21:37:54,49.31103,-123.4587,20.2,252.2
761,6744170,316001251,2019-01-01 21:39:04,49.30914,-123.46826,20.2,252.8
762,6747938,316001251,2019-01-01 21:40:05,49.30757,-123.47663,20.0,259.4
763,6753351,316001251,2019-01-01 21:41:15,49.3065,-123.48643,20.1,260.8
764,6760309,316001251,2019-01-01 21:42:17,49.30552,-123.49512,20.0,261.0
765,6764450,316001251,2019-01-01 21:43:29,49.30443,-123.50533,20.0,261.3
766,6771795,316001251,2019-01-01 21:44:39,49.3034,-123.51512,20.0,261.3
767,6773779,316001251,2019-01-01 21:45:42,49.30254,-123.52379,19.9,261.2
768,6781548,316001251,2019-01-01 21:46:51,49.30161,-123.53352,19.8,261.1
769,6795676,316001251,2019-01-01 21:47:53,49.30082,-123.5421,19.7,260.9
770,6798252,316001251,2019-01-01 21:49:05,49.29987,-123.55202,19.6,260.8
771,6804705,316001251,2019-01-01 21:50:15,49.29894,-123.56163,19.6,261.5
772,6811800,316001251,2019-01-01 21:51:16,49.29812,-123.56985,19.5,262.5
773,6820460,316001251,2019-01-01 21:52:17,49.29657,-123.57795,19.3,238.5
774,6822950,316001251,2019-01-01 21:53:27,49.29341,-123.5861,19.5,239.7
775,6828256,316001251,2019-01-01 21:54:29,49.29088,-123.59371,19.5,242.9
776,6835588,316001251,2019-01-01 21:55:40,49.28806,-123.60251,19.5,244.6
777,6840721,316001251,2019-01-01 21:56:51,49.28519,-123.61128,19.4,244.0
778,6845015,316001251,2019-01-01 21:57:54,49.28268,-123.61906,19.5,242.5
779,6850967,316001251,2019-01-01 21:59:04,49.27988,-123.6277,19.5,243.1
780,6862195,316001251,2019-01-01 22:00:27,49.27653,-123.63805,19.5,242.7
781,6866494,316001251,2019-01-01 22:01:29,49.27412,-123.64557,19.3,244.5
782,6874987,316001251,2019-01-01 22:02:40,49.2713,-123.65428,19.3,245.1
783,6879836,316001251,2019-01-01 22:03:42,49.26898,-123.66196,19.1,249.0
785,6886609,316001251,2019-01-01 22:04:51,49.26678,-123.67073,19.3,249.2
784,6881814,316001251,2019-01-01 22:05:53,49.26479,-123.67864,19.2,249.0
786,6896789,316001251,2019-01-01 22:07:03,49.26252,-123.6877,19.4,248.5
787,6901824,316001251,2019-01-01 22:08:05,49.26058,-123.6955,19.4,247.5
788,6905058,316001251,2019-01-01 22:09:16,49.25791,-123.70437,19.3,246.0
789,6915607,316001251,2019-01-01 22:10:17,49.25554,-123.71205,19.3,245.1
790,6923765,316001251,2019-01-01 22:11:27,49.25294,-123.72062,19.4,244.2
791,6925553,316001251,2019-01-01 22:12:30,49.25058,-123.72844,19.3,245.9
792,6932819,316001251,2019-01-01 22:13:39,49.24795,-123.73715,19.3,246.2
793,6938022,316001251,2019-01-01 22:14:42,49.24579,-123.74494,18.9,255.6
794,6944421,316001251,2019-01-01 22:16:03,49.24441,-123.75587,19.4,259.4
795,6946684,316001251,2019-01-01 22:17:05,49.24343,-123.76415,19.6,258.8
797,6966406,316001251,2019-01-01 22:18:18,49.24227,-123.77409,19.6,260.0
796,6962031,316001251,2019-01-01 22:19:39,49.24096,-123.7853,19.6,260.1
798,6974852,316001251,2019-01-01 22:20:51,49.23978,-123.79515,19.6,260.7
799,6978542,316001251,2019-01-01 22:22:03,49.23861,-123.80503,19.7,260.4
800,6983006,316001251,2019-01-01 22:23:15,49.23746,-123.81493,19.8,259.5
801,6993533,316001251,2019-01-01 22:24:30,49.23629,-123.82513,19.8,259.1
802,7000942,316001251,2019-01-01 22:25:53,49.23497,-123.83668,19.8,259.5
803,7004066,316001251,2019-01-01 22:27:03,49.23389,-123.84629,19.7,259.9
804,7008106,316001251,2019-01-01 22:28:05,49.23279,-123.85461,19.7,253.4
805,7014780,316001251,2019-01-01 22:29:17,49.23078,-123.86433,19.8,251.7
806,7026162,316001251,2019-01-01 22:30:28,49.22884,-123.87364,19.7,252.5
807,7031471,316001251,2019-01-01 22:31:29,49.22707,-123.88187,19.7,253.7
808,7036412,316001251,2019-01-01 22:32:39,49.22516,-123.89107,19.7,253.1
809,7041501,316001251,2019-01-01 22:33:42,49.22345,-123.89946,19.7,248.7
814,7077538,316001251,2019-01-01 22:34:45,49.22009,-123.90658,19.5,226.8
810,7052303,316001251,2019-01-01 22:35:52,49.21596,-123.91319,19.6,226.2
811,7057279,316001251,2019-01-01 22:36:53,49.2124,-123.91955,19.0,240.7
812,7063970,316001251,2019-01-01 22:38:03,49.21002,-123.92844,19.5,248.1
813,7071522,316001251,2019-01-01 22:39:53,49.20627,-123.94232,19.1,245.5
815,7085424,316001251,2019-01-01 22:41:29,49.2035,-123.95111,11.3,242.9
818,7106837,316001251,2019-01-01 22:42:33,49.20109,-123.95477,11.6,204.1
816,7097174,316001251,2019-01-01 22:43:54,49.19726,-123.95538,8.0,178.8
817,7101344,316001251,2019-01-01 22:45:00,49.19524,-123.95536,5.4,178.6
819,7108017,316001251,2019-01-01 22:46:22,49.19396,-123.95537,1.4,179.9
820,7119720,316001251,2019-01-01 22:48:21,49.1937,-123.95538,0.0,35.4
821,7123898,316001251,2019-01-01 22:49:32,49.1937,-123.95538,0.0,135.4
822,7131868,316001251,2019-01-01 22:50:42,49.1937,-123.95538,0.0,168.2
823,7144323,316001251,2019-01-01 22:52:21,49.1937,-123.95538,0.0,214.5
824,7153790,316001251,2019-01-01 22:54:11,49.1937,-123.95538,0.0,194.6
825,7161732,316001251,2019-01-01 22:55:40,49.1937,-123.95538,0.0,133.1
828,7192131,316001251,2019-01-01 22:56:41,49.1937,-123.95538,0.0,63.6
826,7177535,316001251,2019-01-01 22:58:41,49.19371,-123.95538,0.0,264.5
827,7185865,316001251,2019-01-01 23:00:41,49.19371,-123.95539,0.0,76.3
829,7200774,316001251,2019-01-01 23:02:42,49.19371,-123.95539,0.0,200.5
830,7212220,316001251,2019-01-01 23:04:42,49.19371,-123.95538,0.0,65.0
831,7218516,316001251,2019-01-01 23:06:00,49.19371,-123.95539,0.0,106.5
832,7225912,316001251,2019-01-01 23:07:10,49.19371,-123.95539,0.0,302.1
833,7231852,316001251,2019-01-01 23:08:32,49.19371,-123.95539,0.0,269.7
834,7239194,316001251,2019-01-01 23:09:42,49.19371,-123.95539,0.0,317.0
835,7243715,316001251,2019-01-01 23:10:52,49.19371,-123.95539,0.0,40.6
836,7247972,316001251,2019-01-01 23:12:01,49.19371,-123.95539,0.0,177.8
837,7260494,316001251,2019-01-01 23:13:40,49.1937,-123.95539,0.0,341.1
838,7266928,316001251,2019-01-01 23:14:41,49.1937,-123.95539,0.0,70.8
839,7273494,316001251,2019-01-01 23:16:10,49.1937,-123.95539,0.0,122.6
840,7281651,316001251,2019-01-01 23:17:32,49.1937,-123.95539,0.0,278.2
843,7307145,316001251,2019-01-01 23:18:50,49.1937,-123.95539,0.0,1.6
841,7294118,316001251,2019-01-01 23:20:28,49.19445,-123.95556,0.0,232.9
842,7295866,316001251,2019-01-01 23:21:42,49.19445,-123.95556,0.0,109.1
844,7312561,316001251,2019-01-01 23:23:11,49.19522,-123.95552,6.0,359.7
845,7317922,316001251,2019-01-01 23:24:17,49.19837,-123.95555,13.9,6.7
846,7323564,316001251,2019-01-01 23:25:21,49.20238,-123.95244,16.7,46.6
847,7331077,316001251,2019-01-01 23:27:15,49.20721,-123.93953,19.0,62.7
848,7339141,316001251,2019-01-01 23:28:21,49.21002,-123.93155,19.3,58.5
849,7343044,316001251,2019-01-01 23:29:27,49.2131,-123.92397,19.1,60.1
850,7350465,316001251,2019-01-01 23:30:33,49.2163,-123.9161,19.6,58.1
851,7356185,316001251,2019-01-01 23:31:39,49.21937,-123.90832,19.3,57.7
852,7367542,316001251,2019-01-01 23:32:40,49.22215,-123.90117,19.2,66.0
853,7371615,316001251,2019-01-01 23:34:09,49.22393,-123.88945,19.0,77.9
854,7376748,316001251,2019-01-01 23:35:27,49.22532,-123.87905,19.3,79.2
855,7381695,316001251,2019-01-01 23:36:33,49.22655,-123.87024,19.4,77.5
856,7386563,316001251,2019-01-01 23:37:35,49.22803,-123.86222,18.9,64.4
857,7393941,316001251,2019-01-01 23:38:39,49.23061,-123.8544,19.6,64.4
858,7396570,316001251,2019-01-01 23:39:52,49.23355,-123.84555,19.4,62.6
859,7402868,316001251,2019-01-01 23:40:57,49.2361,-123.83759,17.1,63.2
860,7408789,316001251,2019-01-01 23:42:03,49.23822,-123.83121,14.2,63.8
861,7416369,316001251,2019-01-01 23:43:04,49.23991,-123.82599,13.4,62.8
862,7425210,316001251,2019-01-01 23:44:09,49.24174,-123.82061,13.0,65.5
863,7431164,316001251,2019-01-01 23:45:15,49.24323,-123.81486,13.0,70.5
864,7439463,316001251,2019-01-01 23:46:27,49.24438,-123.80749,17.6,80.9
865,7441365,316001251,2019-01-01 23:47:33,49.24517,-123.79866,19.3,82.0
866,7446598,316001251,2019-01-01 23:48:40,49.24586,-123.78965,19.4,84.4
867,7450224,316001251,2019-01-01 23:49:45,49.24656,-123.78074,19.2,82.1
868,7454806,316001251,2019-01-01 23:50:58,49.24752,-123.77108,19.1,77.7
870,7479126,316001251,2019-01-01 23:52:09,49.24877,-123.76157,19.3,78.7
869,7474412,316001251,2019-01-01 23:53:27,49.25029,-123.75101,19.4,78.6
871,7480773,316001251,2019-01-01 23:54:39,49.25154,-123.74148,19.3,77.5
872,7485468,316001251,2019-01-01 23:55:45,49.25273,-123.73248,19.4,79.3
873,7492358,316001251,2019-01-01 23:56:51,49.25394,-123.7238,19.3,77.6
874,7495300,316001251,2019-01-01 23:57:57,49.25507,-123.71491,19.3,78.5
875,7504627,316001251,2019-01-01 23:59:03,49.25631,-123.7061,19.4,78.9
